"volatile","citric","residual ","chlorides","free","total","density","sulphates","quality"
"0.7","0","1-Sep","0.076","11","34","0.9978","0.56","5"
"0.88","0","2-Jun","0.098","25","67","0.9968","0.68","5"
"0.76","0.04","2-Mar","0.092","15","54","0.997","0.65","5"
"0.28","0.56","1-Sep","0.075","17","60","0.998","0.58","6"
"0.7","0","1-Sep","0.076","11","34","0.9978","0.56","5"
"0.66","0","1-Aug","0.075","13","40","0.9978","0.56","5"
"0.6","0.06","1-Jun","0.069","15","59","0.9964","0.46","5"
"0.65","0","1-Feb","0.065","15","21","0.9946","0.47","7"
"0.58","0.02","2","0.073","9","18","0.9968","0.57","7"
"0.5","0.36","6-Jan","0.071","17","102","0.9978","0.8","5"
"0.58","0.08","1-Aug","0.097","15","65","0.9959","0.54","5"
"0.5","0.36","6-Jan","0.071","17","102","0.9978","0.8","5"
"0.615","0","1-Jun","0.089","16","59","0.9943","0.52","5"
"0.61","0.29","1-Jun","0.114","9","29","0.9974","Jan-56","5"
"0.62","0.18","3-Aug","0.176","52","145","0.9986","0.88","5"
"0.62","0.19","3-Sep","0.17","51","148","0.9986","0.93","5"
"0.28","0.56","1-Aug","0.092","35","103","0.9969","0.75","7"
"0.56","0.28","1-Jul","0.368","16","56","0.9968","Jan-28","5"
"0.59","0.08","4-Apr","0.086","6","29","0.9974","0.5","4"
"0.32","0.51","1-Aug","0.341","17","56","0.9969","1-Aug","6"
"0.22","0.48","1-Aug","0.077","29","60","0.9968","0.53","6"
"0.39","0.31","2-Mar","0.082","23","71","0.9982","0.65","5"
"0.43","0.21","1-Jun","0.106","10","37","0.9966","0.91","5"
"0.49","0.11","2-Mar","0.084","9","67","0.9968","0.53","5"
"0.4","0.14","2-Apr","0.085","21","40","0.9968","0.63","6"
"0.39","0.16","1-Apr","0.08","11","23","0.9955","0.56","5"
"0.41","0.24","1-Aug","0.08","4","11","0.9962","0.59","5"
"0.43","0.21","1-Jun","0.106","10","37","0.9966","0.91","5"
"0.71","0","1-Sep","0.08","14","35","0.9972","0.55","5"
"0.645","0","2","0.082","8","16","0.9964","0.59","6"
"0.675","0.07","2-Apr","0.089","17","82","0.9958","0.54","5"
"0.685","0","2-May","0.105","22","37","0.9966","0.57","6"
"0.655","0.12","2-Mar","0.083","15","113","0.9966","0.66","5"
"0.605","0.12","10-Jul","0.073","40","83","0.9993","0.52","6"
"0.32","0.25","1-Aug","0.103","13","50","0.9957","0.55","5"
"0.645","0","5-May","0.086","5","18","0.9986","0.55","6"
"0.6","0.14","2-Apr","0.086","3","15","0.9975","0.6","6"
"0.38","0.28","2-Jan","0.066","13","30","0.9968","0.73","7"
"Jan-13","0.09","1-May","0.172","7","19","0.994","0.48","4"
"0.45","0.36","5-Sep","0.074","12","87","0.9978","0.83","5"
"0.45","0.36","5-Sep","0.074","12","87","0.9978","0.83","5"
"0.61","0.3","2-Aug","0.088","17","46","0.9976","0.51","4"
"0.49","0.2","2-Jun","0.332","8","14","0.9968","0.9","6"
"0.66","0.22","2-Feb","0.069","9","23","0.9968","1-Feb","5"
"0.67","0.02","1-Aug","0.05","5","11","0.9962","0.52","5"
"0.52","0.15","2-Jan","0.054","8","65","0.9934","0.56","4"
"0.935","0.43","2-Feb","0.114","22","114","0.997","0.73","5"
"0.29","0.52","1-Jun","0.113","12","37","0.9969","0.58","5"
"0.4","0.23","1-Jun","0.066","5","12","0.9958","0.56","5"
"0.31","0.37","1-Apr","0.074","12","96","0.9954","0.58","5"
"0.66","0.26","1-Jul","0.074","4","23","0.9971","0.74","5"
"0.52","0.04","2-Feb","0.069","8","15","0.9956","0.63","6"
"0.5","0.04","2-Jan","0.068","6","14","0.9955","0.64","6"
"0.38","0.36","3","0.081","30","119","0.997","0.56","5"
"0.51","0.15","2-Aug","0.11","33","73","0.9955","0.63","6"
"0.62","0.04","3-Aug","0.084","25","45","0.9978","0.53","5"
"0.42","0.57","3-Apr","0.07","4","10","0.9971","0.63","5"
"0.63","0.12","5-Jan","0.111","50","110","0.9983","0.77","5"
"0.59","0.18","2-Mar","0.076","17","54","0.9975","0.59","5"
"0.39","0.31","2-Apr","0.074","9","46","0.9962","0.54","6"
"0.4","0.4","2-Feb","0.079","19","52","0.998","0.64","5"
"0.69","0.49","1-Aug","0.115","20","112","0.9968","0.71","5"
"0.52","0.16","1-Sep","0.085","12","35","0.9968","0.62","7"
"0.735","0.05","2","0.081","13","54","0.9966","0.57","5"
"0.725","0.05","Apr-65","0.086","4","11","0.9962","0.39","5"
"0.725","0.05","Apr-65","0.086","4","11","0.9962","0.39","5"
"0.52","0.11","1-May","0.079","11","39","0.9968","0.58","5"
"0.705","0.07","1-Jun","0.076","6","15","0.9962","0.58","5"
"0.32","0.57","2","0.074","27","65","0.9969","0.79","5"
"0.705","0.05","1-Sep","0.074","8","19","0.9962","0.95","6"
"0.63","0.08","1-Sep","0.076","15","27","0.9967","0.54","6"
"0.67","0.23","2-Jan","0.088","17","96","0.9962","0.48","5"
"0.69","0.22","1-Sep","0.084","18","94","0.9961","0.48","5"
"0.675","0.26","2-Jan","0.084","11","43","0.9976","0.53","4"
"0.32","0.54","2-May","0.094","28","83","0.9984","0.82","5"
"0.41","0.64","2-Feb","0.093","9","42","0.9986","0.66","5"
"0.41","0.64","2-Feb","0.093","9","42","0.9986","0.66","5"
"0.785","0","2-Apr","0.104","14","30","0.9966","0.55","6"
"0.75","0.12","2","0.086","12","80","0.9958","0.52","5"
"0.625","0.2","1-May","0.08","27","119","0.9972","1-Dec","4"
"0.45","0.2","1-Jun","0.069","3","15","0.9958","0.56","5"
"0.43","0.7","1-Sep","0.464","22","67","0.9974","Jan-28","5"
"0.5","0.47","2","0.086","21","73","0.997","0.57","5"
"0.67","0.26","1-Aug","0.401","16","51","0.9969","Jan-14","5"
"0.3","0.48","1-Aug","0.069","18","61","0.9959","0.78","6"
"0.55","0.15","2-Feb","0.076","19","40","0.9961","0.59","5"
"0.49","0.28","1-Sep","0.11","20","136","0.9972","Jan-95","6"
"0.49","0.26","1-Sep","0.062","9","31","0.9966","0.64","5"
"0.39","0.44","2-Jan","0.107","34","125","0.9978","Jan-22","5"
"0.62","0.08","1-Aug","0.076","8","24","0.9978","0.53","5"
"0.52","0.26","1-Sep","0.079","42","140","0.9964","0.54","5"
"0.49","0.28","1-Sep","0.11","20","136","0.9972","Jan-95","6"
"0.49","0.29","2","0.11","19","133","0.9972","Jan-98","5"
"0.49","0.26","1-Sep","0.062","9","31","0.9966","0.64","5"
"1-Feb","0.04","1-Apr","0.045","41","85","0.9938","0.48","4"
"0.6","0.17","2-Mar","0.058","17","106","0.9932","0.6","6"
"0.775","0","3","0.102","8","23","0.9965","0.56","5"
"0.5","0.25","2","0.07","3","22","0.9963","0.63","5"
"0.9","0.06","2-May","0.079","5","10","0.9967","0.56","5"
"0.545","0.18","1-Sep","0.08","13","35","0.9972","0.59","6"
"0.61","0.3","2-Jan","0.084","11","50","0.9972","0.61","6"
"0.5","0.3","1-Sep","0.075","8","22","0.9959","0.56","6"
"0.545","0.18","1-Sep","0.08","13","35","0.9972","0.59","6"
"0.575","0.22","2-Jan","0.077","12","65","0.9967","0.51","5"
"0.49","0.24","2-Feb","0.07","5","36","0.996","0.48","5"
"0.575","0.22","2-Jan","0.077","12","65","0.9967","0.51","5"
"0.41","0.68","1-Jul","0.467","18","69","0.9973","Jan-31","5"
"0.63","0.31","1-Jul","0.088","15","64","0.9969","0.79","5"
"0.33","0.53","2-May","0.091","18","80","0.9976","0.8","6"
"0.785","0.52","2","0.122","37","153","0.9969","0.69","5"
"0.56","0.19","1-Aug","0.104","12","47","0.9964","0.93","5"
"0.62","0.09","2-Feb","0.084","11","108","0.9964","0.66","5"
"0.6","0.1","2-Feb","0.085","14","111","0.9964","0.66","5"
"0.31","0.44","2-Mar","0.08","22","46","0.9988","0.67","6"
"0.56","0.19","1-Aug","0.104","12","47","0.9964","0.93","5"
"0.4","0.31","2-Feb","0.09","13","62","0.9966","0.63","6"
"0.54","0.28","1-Sep","0.077","11","40","0.9978","0.61","6"
"0.56","0.12","2","0.082","7","28","0.997","0.5","6"
"0.55","0.04","2-Feb","0.119","14","56","0.9962","0.6","6"
"0.69","0.08","1-Aug","0.097","22","89","0.9959","0.54","6"
"1-Jul","0.09","1-Jul","0.178","10","89","0.9962","0.57","5"
"0.55","0.04","2-Feb","0.119","14","56","0.9962","0.6","6"
"0.695","0","2-May","0.075","3","13","0.998","0.52","5"
"0.71","0","2-Jun","0.08","11","34","0.9976","0.53","5"
"0.5","0.17","1-Jun","0.082","21","102","0.996","0.48","5"
"0.62","0.04","1-Sep","0.146","27","90","0.9984","0.7","5"
"Jan-33","0","1-Jul","0.081","3","12","0.9964","0.49","5"
"Jan-33","0","1-Aug","0.082","3","12","0.9964","0.48","5"
"0.59","0.16","1-Aug","0.065","3","16","0.9962","0.92","7"
"0.38","0.15","1-Aug","0.072","6","19","0.9955","0.57","5"
"0.745","0.56","2","0.118","30","134","0.9968","0.66","5"
"0.5","0.09","2-Mar","0.049","17","99","0.9937","0.63","5"
"0.5","0.09","2-Mar","0.049","17","99","0.9937","0.63","5"
"0.5","0.01","1-May","0.06","17","26","0.9952","0.58","6"
"1-Apr","0.05","2-Feb","0.084","13","29","0.9959","0.55","6"
"0.745","0.11","1-Sep","0.09","16","63","0.9965","0.82","5"
"0.715","0.15","1-Aug","0.089","10","52","0.9968","0.77","5"
"0.415","0.36","2","0.081","13","45","0.9972","0.64","5"
"0.56","0.19","2-Jan","0.081","15","105","0.9962","0.54","5"
"0.56","0.19","2","0.081","17","108","0.9962","0.54","5"
"0.745","0.11","1-Sep","0.09","16","63","0.9965","0.82","5"
"0.715","0.15","1-Aug","0.089","10","52","0.9968","0.77","5"
"0.34","0","1-Aug","0.05","27","63","0.9916","0.79","6"
"0.39","0.08","1-Jul","0.066","3","20","0.9954","0.58","5"
"0.34","0","1-Aug","0.05","27","63","0.9916","0.79","6"
"0.67","0.55","1-Aug","0.117","32","141","0.9968","0.62","5"
"0.68","0.02","1-Aug","0.087","21","94","0.9944","0.52","5"
"0.49","0.26","1-Jun","0.236","10","88","0.9968","0.8","5"
"0.49","0.1","2-Mar","0.074","12","30","0.9959","0.58","6"
"0.4","0.44","2-Aug","0.089","11","43","0.9975","0.61","6"
"0.33","0.47","2-Jan","0.077","5","11","0.9958","0.53","6"
"0.52","1","3-Apr","0.61","32","69","0.9996","2.0","4"
"0.6","0.03","1-Aug","0.095","25","99","0.995","0.54","5"
"0.6","0.03","1-Aug","0.095","25","99","0.995","0.54","5"
"0.43","0.42","5-May","0.07","29","129","0.9973","0.72","5"
"0.43","0.42","5-May","0.071","28","128","0.9973","0.71","5"
"0.43","0.42","5-May","0.07","29","129","0.9973","0.72","5"
"0.43","0.42","5-May","0.071","28","128","0.9973","0.71","5"
"0.68","0","2-Feb","0.073","12","22","0.9969","0.5","5"
"0.6","0.18","1-Sep","0.079","18","86","0.9968","0.57","6"
"0.95","0.03","2","0.09","7","20","0.9959","0.56","5"
"0.68","0.02","1-Mar","0.072","9","20","0.9965","1-Aug","4"
"0.53","0.04","1-Jul","0.076","17","31","0.9964","0.56","6"
"0.6","0.26","7-Mar","0.07","36","121","0.9982","0.49","5"
"0.59","0.26","7-Feb","0.07","35","121","0.9981","0.49","5"
"0.63","0.48","1-Jul","0.1","14","96","0.9961","0.62","5"
"0.64","0.1","2-Jan","0.085","18","101","0.9956","0.52","5"
"0.55","0.03","1-Jun","0.072","17","42","0.9956","0.48","4"
"0.63","0.07","2-Jan","0.089","11","44","0.9953","0.55","6"
"0.705","0.24","1-Aug","0.36","15","63","0.9964","Jan-59","5"
"0.885","0.03","1-Aug","0.058","4","8","0.9972","0.33","4"
"0.42","0.17","2","0.073","6","18","0.9972","0.61","6"
"0.42","0.17","2","0.073","6","18","0.9972","0.61","6"
"0.62","0.05","1-Sep","0.068","24","42","0.9961","0.57","6"
"0.38","0.21","2","0.08","7","35","0.9961","0.47","5"
"0.5","0.04","1-May","0.085","19","49","0.9958","0.78","5"
"0.38","0.21","2","0.08","7","35","0.9961","0.47","5"
"0.52","0.42","2-Mar","0.087","8","38","0.9972","0.61","6"
"0.805","0","2-May","0.068","7","20","0.9969","0.56","5"
"0.61","0.14","2-Apr","0.067","10","42","0.9969","0.59","5"
"0.61","0.14","2-Apr","0.067","10","42","0.9969","0.59","5"
"0.61","0.49","2","0.27","23","110","0.9972","1-Feb","5"
"0.73","0.02","2-May","0.076","16","42","0.9972","0.52","5"
"0.61","0.2","1-Aug","0.077","11","65","0.9971","0.58","5"
"0.62","0.21","1-Sep","0.079","8","62","0.997","0.58","6"
"0.31","0.57","2","0.111","26","85","0.9971","0.53","5"
"0.39","0.48","2","0.082","14","67","0.9972","0.55","5"
"0.705","0.1","2-Jun","0.084","9","26","0.9976","0.49","5"
"0.5","0.33","2","0.084","15","143","0.9968","0.55","5"
"0.49","0.32","1-Sep","0.082","17","144","0.9968","0.55","5"
"0.5","0.35","2-Sep","0.077","21","127","0.9976","0.62","5"
"0.37","0.25","1-Sep","0.074","21","49","0.9974","0.62","6"
"0.63","0.12","3-Aug","0.099","16","126","0.9969","0.61","5"
"0.55","0.21","2-Feb","0.071","7","28","0.9964","0.55","5"
"0.55","0.21","2-Feb","0.071","7","28","0.9964","0.55","5"
"0.59","0.33","2","0.074","24","120","0.9968","0.54","5"
"0.58","0.3","2-Apr","0.074","15","55","0.9968","0.59","5"
"0.3","0.6","2","0.067","12","27","0.9981","0.97","6"
"0.835","0.08","1-Feb","0.046","13","93","0.9924","0.85","7"
"1-Sep","0.06","2-Jan","0.061","12","31","0.9948","0.43","4"
"0.32","0.47","1-Apr","0.056","9","24","0.99695","0.82","7"
"0.37","0.48","2-Jan","0.097","39","145","0.9975","1-Mar","5"
"0.5","0.11","1-May","0.075","16","49","0.99545","0.79","5"
"0.42","0.35","1-Jun","0.088","16","39","0.9961","0.55","5"
"0.43","0.36","1-Jun","0.089","14","37","0.99615","0.56","6"
"0.3","0.74","2-Jun","0.095","9","28","0.9994","0.77","7"
"0.3","0.74","2-Jun","0.095","9","28","0.9994","0.77","7"
"0.57","0.31","1-Aug","0.069","26","120","0.99625","0.53","5"
"0.44","0.28","2-Jul","0.1","18","95","0.9966","0.67","5"
"0.3","0.58","2-Jan","0.054","7","19","0.998","0.88","7"
"0.53","0.6","2","0.039","5","19","0.99585","0.86","6"
"0.725","0.24","2-Aug","0.083","10","62","0.99685","0.56","6"
"0.44","0.64","2-Jan","0.059","5","15","0.998","0.67","6"
"0.57","0.26","2-Feb","0.06","28","65","0.9959","0.43","5"
"0.735","0.08","2-Apr","0.092","10","41","0.9974","0.71","6"
"0.49","0.49","5-Jun","0.06","26","121","0.9974","0.76","5"
"0.625","0.16","2","0.101","13","49","0.9962","0.57","5"
"0.725","0.22","2-Feb","0.072","11","41","0.9967","0.55","5"
"0.49","0.19","1-Sep","0.076","10","44","0.9957","0.54","5"
"0.53","0.33","2-Apr","0.08","24","144","0.99655","0.6","5"
"0.34","0.37","2","0.082","24","58","0.9964","0.59","6"
"0.53","0.26","2","0.101","16","72","0.9957","0.57","5"
"0.61","0.04","1-May","0.057","5","10","0.99525","0.6","5"
"0.645","0.25","2","0.083","8","28","0.99815","0.6","6"
"0.635","0.36","2","0.089","15","55","0.99745","0.57","4"
"0.43","0.25","2-Jun","0.073","29","63","0.99615","0.58","6"
"0.59","0.5","2","0.337","27","81","0.9964","Jan-61","6"
"0.82","0.14","2-Jun","0.089","9","23","0.9984","0.63","5"
"0.43","0.25","2-Jun","0.073","29","63","0.99615","0.58","6"
"0.52","0.25","2-Jun","0.081","10","37","0.99685","0.5","5"
"0.48","0.04","1-Jun","0.054","19","106","0.9927","0.62","7"
"0.38","0.06","1-Aug","0.078","12","49","0.99625","0.52","6"
"0.37","0.2","2-Aug","0.09","18","58","0.998","0.7","6"
"0.52","0.25","2-Jun","0.081","10","37","0.99685","0.5","5"
"1","0.09","2-Mar","0.065","7","37","0.99685","0.55","6"
"0.63","0","1-Sep","0.097","14","38","0.99675","0.58","6"
"0.63","0","1-Sep","0.097","14","38","0.99675","0.58","6"
"0.645","0","1-Sep","0.097","15","39","0.99675","0.58","6"
"0.63","0","1-Sep","0.097","14","38","0.99675","0.58","6"
"1","0.09","2-Mar","0.065","7","37","0.99685","0.55","6"
"0.635","0.37","1-Jul","0.263","5","62","0.9971","1-Sep","5"
"0.38","0.56","2-Jan","0.093","6","24","0.99925","0.71","6"
"0.58","0.1","1-Aug","0.102","28","109","0.99565","0.49","6"
"0.21","0.44","2-Feb","0.075","10","24","100,005","0.84","7"
"0.21","0.44","2-Feb","0.075","10","24","100,005","0.84","7"
"0.66","0","2","0.084","6","23","0.9983","0.96","6"
"0.68","0.07","1-Sep","0.075","16","51","0.99685","0.52","5"
"0.6","0.17","2-Mar","0.072","11","73","0.9963","0.45","5"
"0.53","0.06","1-Jul","0.074","9","39","0.99615","0.48","6"
"0.66","0","2","0.084","6","23","0.9983","0.96","6"
"0.32","0.44","1-Jun","0.063","16","37","0.9985","0.78","6"
"0.6","0","1-Aug","0.074","16","34","0.9972","0.7","6"
"0.35","0.48","3-Jan","0.09","5","21","0.9986","0.53","5"
"0.775","0.42","1-Sep","0.092","8","86","0.9959","0.59","5"
"0.6","0","1-Aug","0.074","16","34","0.9972","0.7","6"
"0.57","0.23","3-Feb","0.073","17","119","0.99675","0.57","5"
"0.34","0.37","2-Feb","0.075","5","13","0.998","0.62","5"
"0.695","0","2-Jan","0.075","12","56","0.9968","0.67","5"
"0.41","0.76","1-Aug","0.611","8","45","0.9968","Jan-26","5"
"0.31","0.47","2-Jun","0.085","14","33","0.99965","0.8","7"
"0.33","0.23","1-Jul","0.077","18","45","0.99625","0.65","5"
"0.975","0.04","2","0.087","12","67","0.99565","0.6","4"
"0.52","0.03","1-Jul","0.07","10","35","0.99575","0.57","5"
"0.37","0.23","1-Aug","0.077","23","49","0.9963","0.67","5"
"0.56","0.49","2-Apr","0.064","5","27","0.9999","0.87","5"
"0.26","0.52","1-Aug","0.071","6","10","0.9968","0.72","7"
"0.87","0","3-Mar","0.096","26","61","100,025","0.72","4"
"0.35","0.46","3-Jun","0.078","15","37","0.9973","0.86","8"
"0.54","0.04","3","0.077","7","27","0.9987","0.91","6"
"0.18","0.51","4","0.104","4","23","0.9996","0.97","6"
"0.545","0.06","4","0.087","27","61","0.9965","0.67","6"
"0.18","0.51","4","0.104","4","23","0.9996","0.97","6"
"0.37","0.58","4","0.071","17","65","0.99935","0.78","5"
"0.715","0.2","2-Apr","0.076","10","38","0.99735","0.64","5"
"0.65","0.18","7","0.088","27","94","0.99915","0.77","5"
"0.545","0.06","4","0.087","27","61","0.9965","0.67","6"
"0.54","0.04","3","0.077","7","27","0.9987","0.91","6"
"0.18","0.51","4","0.104","4","23","0.9996","0.97","6"
"0.32","0.45","6-Apr","0.073","5","13","0.9976","0.82","8"
"0.4","0.32","5-Jun","0.087","10","47","0.9991","0.77","7"
"0.26","0.44","3-Jun","0.071","6","19","0.9986","0.82","6"
"0.27","0.68","3-May","0.358","5","10","0.9972","1-Aug","7"
"0.52","0.12","3","0.067","12","53","0.9971","0.57","5"
"0.4","0.32","5-Jun","0.087","10","47","0.9991","0.77","7"
"0.59","0.07","3-Apr","0.102","32","71","100,015","0.71","5"
"0.59","0.07","3-Apr","0.102","32","71","100,015","0.71","5"
"0.45","0.55","2","0.073","25","49","0.9997","0.76","6"
"0.4","0.12","3","0.092","29","53","0.9967","0.7","6"
"0.52","0.09","2-May","0.091","20","49","0.9976","0.86","7"
"0.42","0.53","3-Mar","0.105","33","98","1,001","0.95","5"
"0.52","0.09","2-May","0.091","20","49","0.9976","0.86","7"
"0.2","0.48","2","0.343","6","18","0.9979","0.71","5"
"0.55","0.23","2-Jul","0.091","18","48","0.9994","0.64","6"
"0.36","0.25","2-Apr","0.098","5","16","0.9964","0.6","6"
"0.34","0.52","3-Feb","0.094","17","53","10,014","0.81","6"
"0.5","0.46","2-May","0.073","5","27","10,001","0.64","5"
"0.83","0.37","2-Jun","0.086","26","70","0.9981","0.52","5"
"0.63","0.06","2","0.083","8","29","0.99855","0.73","5"
"0.65","0.02","2-Mar","0.094","5","31","0.9993","0.8","5"
"0.67","0.06","2-Jan","0.08","8","33","0.99845","0.71","5"
"0.53","0.06","2-Jun","0.086","20","44","0.9965","0.59","6"
"0.18","0.48","1-May","0.068","7","15","0.9973","0.64","6"
"0.705","0.12","2-Jun","0.092","12","28","0.9994","0.72","5"
"0.67","0.12","1-Jun","0.186","5","21","0.996","0.54","5"
"0.65","0.6","2-Jan","0.112","12","90","0.9973","0.52","5"
"0.53","0.48","2-May","0.063","6","25","0.9998","0.59","6"
"0.62","0.32","2-Feb","0.082","7","54","0.9966","0.52","5"
"0.41","0.42","2-Apr","0.213","6","14","0.9994","0.62","6"
"0.43","0.44","2-Apr","0.214","5","12","0.9994","0.63","6"
"0.29","0.38","1-Jul","0.062","9","30","0.9968","0.53","6"
"0.53","0.48","2-May","0.063","6","25","0.9998","0.59","6"
"0.53","0.24","2","0.072","15","105","0.996","0.54","6"
"0.46","0.31","2-Aug","0.093","19","98","0.99815","0.63","6"
"0.47","0.3","3","0.076","30","135","0.9976","0.53","5"
"0.36","0.29","2-Jun","0.087","26","72","0.99645","0.68","5"
"0.35","0.29","2-May","0.096","20","53","0.9962","0.65","6"
"0.56","0.23","3-Apr","0.102","37","92","0.9996","0.65","5"
"0.77","0.12","2-Sep","0.082","30","74","0.99865","0.64","6"
"0.66","0.39","3-Feb","0.083","21","59","0.9989","0.71","7"
"0.77","0.12","2-Sep","0.082","30","74","0.99865","0.64","6"
"0.66","0.39","3-Feb","0.083","21","59","0.9989","0.71","7"
"0.61","0.26","3-Apr","0.09","25","87","0.99975","0.62","5"
"0.62","0.05","2-Mar","0.079","6","18","0.99735","0.63","5"
"0.59","0.42","2-Aug","0.09","35","73","0.999","0.7","6"
"0.49","0.2","11","0.071","13","50","10,015","0.69","6"
"0.49","0.2","11","0.071","13","50","10,015","0.69","6"
"0.53","0.66","Mar-65","0.121","6","14","0.9978","0.74","7"
"0.44","0.5","4-May","0.107","5","13","0.998","0.83","5"
"0.27","0.62","2-Jun","0.082","6","21","10,002","0.67","6"
"0.46","0.39","2","0.061","7","15","0.9981","0.62","5"
"0.36","0.64","2-Sep","0.122","10","41","0.998","0.66","6"
"0.36","0.64","2-Sep","0.122","10","41","0.998","0.66","6"
"0.58","0.28","3-Feb","0.066","21","114","0.9973","0.54","6"
"0.56","0.08","2-Jan","0.105","16","44","0.9958","0.52","5"
"0.65","0.01","2-May","0.078","17","38","0.9963","0.74","7"
"0.695","0.53","3-Apr","0.128","7","21","0.9992","0.84","7"
"0.43","0.45","1-Sep","0.052","6","16","0.9948","0.7","6"
"0.43","0.32","2-Aug","0.08","29","58","0.9974","0.64","5"
"0.49","0.58","3","0.103","28","99","10,008","1","6"
"0.28","0.54","2-Mar","0.082","12","29","0.9997","Jan-36","7"
"0.34","0.5","2-Apr","0.066","10","21","1","Jan-18","6"
"0.42","0.48","2-Jul","0.065","5","18","0.9972","0.87","6"
"0.39","0.47","1-Aug","0.118","6","14","0.9982","0.75","6"
"0.39","0.47","1-Aug","0.118","6","14","0.9982","0.75","6"
"0.57","0.5","2-Jun","0.082","6","32","10,006","0.78","6"
"0.685","0","1-Sep","0.067","40","63","0.9979","0.81","5"
"0.815","0.02","2-Jul","0.072","17","34","0.9955","0.89","7"
"0.49","0.67","3","0.093","6","15","0.9986","0.93","6"
"0.56","0.31","2-Aug","0.089","15","46","0.9979","0.92","6"
"0.785","0","2-Jun","0.093","11","28","0.9994","0.86","6"
"0.67","0.22","2-Jul","0.107","17","34","10,004","0.98","6"
"0.795","0","2-Jun","0.096","11","26","0.9994","0.83","6"
"0.665","0","2-Apr","0.09","8","19","0.9974","0.73","5"
"0.53","0.79","4-Aug","0.12","23","77","10,018","0.77","5"
"0.21","0.4","1-Apr","0.066","40.5","165","0.9912","0.59","6"
"0.75","0.01","2-Apr","0.078","17","32","0.9955","0.61","6"
"0.41","0.52","3","0.08","29","55","10,001","0.88","5"
"0.42","0.66","Feb-95","0.116","12","29","0.997","0.75","7"
"0.43","0.66","3-Jan","0.109","10","23","1","0.85","7"
"0.38","0.66","2-Jun","0.088","10","41","1,001","0.68","6"
"0.7","0.23","2","0.099","14","81","0.9973","0.7","5"
"0.45","0.31","2-Jun","0.086","21","50","0.9982","0.91","6"
"0.58","0.66","2-May","0.072","6","37","0.9992","0.56","5"
"0.46","0.63","2","0.071","6","15","0.9988","0.87","5"
"0.615","0.66","5-Aug","0.083","7","42","10,022","0.73","7"
"0.42","0.5","3-Apr","0.107","7","21","0.9979","0.93","6"
"0.615","0.66","5-Aug","0.083","7","42","10,022","0.73","7"
"0.575","0.61","2-Jun","0.076","11","24","1","0.69","5"
"0.34","0.52","2-Aug","0.159","15","75","0.9998","0.64","5"
"0.27","0.53","2-Apr","0.074","6","18","0.9962","Jan-13","7"
"0.765","0.02","2-Mar","0.063","35","63","0.9975","0.78","5"
"0.24","0.4","1-Jun","0.056","11","25","0.9967","0.87","6"
"0.28","0.48","1-Aug","0.067","26","46","0.9967","1-Apr","6"
"0.55","0.22","2-Feb","0.106","12","72","0.9959","0.63","5"
"0.41","0.63","3-Aug","0.089","6","47","10,014","0.81","6"
"0.54","0.71","4-Apr","0.124","6","15","0.9984","0.83","7"
"0.45","0.5","3","0.078","19","47","10,003","1-Nov","6"
"0.27","0.53","2-Apr","0.074","6","18","0.9962","Jan-13","7"
"0.625","0.66","6-Feb","0.088","6","24","0.9988","0.99","6"
"0.42","0.38","2-May","0.094","24","60","0.9979","0.7","6"
"0.26","0.42","2","0.08","11","27","0.9974","0.8","6"
"0.415","0.68","2-Sep","0.085","17","43","10,014","0.8","6"
"0.26","0.42","2","0.08","11","27","0.9974","0.8","6"
"0.26","0.42","2","0.08","11","27","0.9974","0.8","6"
"0.51","0.28","2-Jan","0.087","23","54","0.998","0.74","5"
"0.63","0.07","2-Apr","0.09","11","37","0.9979","0.76","6"
"0.54","0.26","2","0.088","23","48","0.9981","0.74","6"
"0.66","0.15","1-Sep","0.079","17","42","0.9972","0.54","6"
"0.46","0.26","1-Sep","0.088","23","53","0.9981","0.74","6"
"0.38","0.31","2-May","0.096","16","49","0.9982","0.7","7"
"0.85","0.05","1-Apr","0.045","12","88","0.9924","0.82","8"
"0.415","0.68","2-Sep","0.085","17","43","10,014","0.8","6"
"0.37","0.52","2","0.082","6","26","0.998","0.51","5"
"0.665","0.61","2","0.112","13","95","0.997","0.54","5"
"0.6","0.65","2-Mar","0.063","6","25","0.9997","0.57","5"
"0.37","0.76","4-Feb","0.066","7","38","10,004","0.6","7"
"0.735","0.02","7-Sep","0.122","68","124","0.9994","0.53","5"
"0.59","0.59","2-Jun","0.087","13","49","0.9988","0.65","6"
"0.59","0.59","2-Jun","0.087","13","49","0.9988","0.65","6"
"0.765","0.22","2-Mar","0.064","9","42","0.9963","0.55","5"
"0.735","0.02","7-Sep","0.122","68","124","0.9994","0.53","5"
"0.26","0.3","1-Jul","0.059","20","38","0.9949","0.47","6"
"0.48","0.54","2-Jun","0.085","19","64","1","0.61","6"
"0.6","0.49","2-Jul","0.085","10","41","0.9994","0.63","6"
"0.69","0.05","2-Jul","0.075","15","27","0.9974","0.61","5"
"0.31","0.46","1-Apr","0.059","11","25","0.9966","0.76","6"
"0.44","0.47","2-May","0.063","9","28","0.9981","0.65","6"
"0.39","0.66","3","0.093","12","30","0.9996","0.63","7"
"0.34","0.58","3-Jul","0.174","6","16","0.997","0.7","6"
"0.46","0.49","4-May","0.07","26","49","0.9981","0.57","4"
"0.43","0.34","2-May","0.08","26","86","0.9987","0.62","6"
"0.45","0.35","2-Apr","0.08","23","78","0.9987","0.62","5"
"0.735","0.16","1-Sep","0.1","15","77","0.9966","0.64","5"
"0.4","0.53","6-Jul","0.097","6","19","0.9986","0.82","7"
"0.52","0.34","2-Jul","0.087","24","122","0.9982","0.61","5"
"0.725","0.24","6-Jun","0.117","31","134","10,014","1-Jul","5"
"0.48","0.64","2-Feb","0.111","6","20","0.997","0.66","6"
"0.58","0.12","1-Sep","0.091","34","124","0.9956","0.48","5"
"0.38","0.51","2","0.121","7","20","0.9996","0.76","6"
"0.77","0","1-Aug","0.066","34","52","0.9976","0.68","5"
"0.56","0.33","2-Apr","0.089","35","67","0.9972","0.73","7"
"0.84","0.03","2-Mar","0.059","32","48","0.9952","0.56","7"
"0.96","0.2","2","0.047","15","60","0.9955","0.44","5"
"0.24","0.47","2-Jan","0.066","6","24","0.9978","0.9","7"
"0.96","0.2","2","0.047","15","60","0.9955","0.44","5"
"0.84","0.03","2-Mar","0.059","32","48","0.9952","0.56","7"
"0.67","0.08","2-Jan","0.045","19","48","0.9949","0.49","6"
"0.78","0.22","1-Sep","0.077","6","32","0.9988","0.56","6"
"0.52","0.33","1-Mar","0.07","9","30","0.9978","0.6","5"
"0.84","0.63","2-Apr","0.088","13","35","0.9997","0.6","6"
"0.24","0.47","2-Jan","0.066","6","24","0.9978","0.9","7"
"0.55","0.35","2-Feb","0.074","21","66","0.9974","0.56","5"
"0.37","0.69","2-Mar","0.078","12","24","0.9958","0.65","6"
"0.39","0.63","2-Mar","0.091","6","18","10,004","0.49","5"
"0.41","0.55","3-Feb","0.076","22","54","0.9996","0.89","6"
"0.39","0.63","2-Mar","0.091","6","18","10,004","0.49","5"
"0.67","0.3","2","0.06","38","62","0.9958","0.56","6"
"0.45","0.73","3-Feb","0.066","6","22","0.9986","0.66","6"
"0.41","0.55","3-Feb","0.076","22","54","0.9996","0.89","6"
"0.62","0.18","1-May","0.062","7","50","0.9951","0.6","5"
"0.31","0.72","2-Feb","0.072","6","29","0.9987","0.82","8"
"0.4","0.65","Feb-15","0.068","7","27","0.9988","0.68","6"
"0.685","0.76","3-Jul","0.1","6","43","10,032","0.68","7"
"0.44","0.49","2-Jul","0.077","11","19","0.9963","0.63","7"
"0.57","0.01","1-Jul","0.054","5","27","0.9934","0.84","7"
"0.735","0.1","2-Jan","0.079","6","31","0.9986","0.56","6"
"0.38","0.6","2-Jun","0.081","31","72","0.9996","0.73","5"
"0.48","0.29","2-Jan","0.127","6","16","0.9968","0.72","5"
"0.53","0.22","2","0.1","7","27","0.9967","0.56","6"
"0.39","0.69","2-Aug","0.095","17","35","0.9994","0.61","6"
"0.39","0.69","2-Aug","0.095","17","35","0.9994","0.61","6"
"0.37","0.53","1-Aug","0.413","9","26","0.9979","1-Jun","6"
"0.56","0.03","1-Jul","0.084","18","35","0.9968","0.63","6"
"0.33","0.63","2-Aug","0.084","5","22","0.9998","0.74","7"
"0.23","0.4","1-Jun","0.063","21","67","0.9952","0.63","5"
"0.62","0.67","5-Feb","0.086","6","19","0.9988","0.69","8"
"0.59","0.39","2-Mar","0.095","5","22","0.9986","0.58","5"
"0.63","0.21","2-Jul","0.097","29","65","0.9988","0.58","5"
"0.33","0.63","2-Aug","0.084","5","22","0.9998","0.74","7"
"0.58","0.66","2-Feb","0.074","10","47","10,008","0.57","3"
"0.43","0.52","2-Mar","0.083","14","23","0.9976","0.61","6"
"0.615","0.22","2-Jun","0.087","6","19","0.9982","0.61","5"
"0.26","0.68","Feb-55","0.085","10","25","0.997","0.61","5"
"0.66","0.7","2-Feb","0.098","25","129","0.9972","0.53","5"
"0.315","0.54","2-Jan","0.084","5","15","0.9987","0.7","6"
"0.29","0.4","2-Sep","0.098","10","26","10,006","0.91","5"
"0.5","0.42","2","0.069","21","51","0.9982","0.72","6"
"0.46","0.45","2-Jun","0.065","7","18","0.9947","0.79","6"
"0.36","0.69","2-Jan","0.09","6","21","1","0.62","6"
"0.82","0.02","1-Feb","0.07","36","48","0.9952","0.58","5"
"0.32","0.65","2-Jun","0.093","15","47","0.9996","0.61","5"
"0.54","0.42","2-Apr","0.081","25","52","0.997","0.71","6"
"0.37","0.55","2-Jun","0.083","25","68","0.9995","0.82","6"
"0.35","0.55","2-Jan","0.062","5","14","0.9971","0.79","5"
"0.28","0.51","1-Jul","0.08","10","24","0.9982","0.89","6"
"0.68","0.24","2-Feb","0.087","5","28","0.9988","0.6","5"
"0.27","0.41","2","0.091","6","16","0.998","0.7","5"
"0.24","0.49","1-Aug","0.075","6","20","0.9977","1-Jun","6"
"0.68","0.24","2-Feb","0.087","5","28","0.9988","0.6","5"
"0.685","0.11","2-Jul","0.077","6","31","0.9984","0.7","6"
"0.28","0.39","15-May","0.069","6","23","10,026","0.66","5"
"0.3","0.56","2-Aug","0.08","6","17","0.9964","0.92","8"
"0.36","0.59","2-Feb","0.152","6","18","0.9986","1-May","5"
"0.36","0.6","2-Feb","0.152","7","18","0.9986","1-Jun","5"
"0.44","0.68","4-Jan","0.114","6","24","0.997","0.66","6"
"0.67","0.39","1-Sep","0.054","6","17","0.9976","0.47","5"
"0.67","0.39","1-Sep","0.054","6","17","0.9976","0.47","5"
"0.645","0.36","1-Aug","0.053","5","14","0.9982","0.42","6"
"0.32","0.55","2-Aug","0.081","35","67","10,002","0.92","7"
"0.39","0.4","2-Jun","0.073","10","26","0.9984","0.75","6"
"0.775","0.27","2-Aug","0.078","24","56","0.9984","0.67","6"
"0.41","0.5","2-May","0.055","12","25","0.9952","0.79","7"
"0.4","0.51","2-Jun","0.052","13","27","0.995","0.9","7"
"0.69","0.31","3","0.086","23","81","10,002","0.74","6"
"0.39","0.23","8-Mar","0.051","28","91","0.9952","0.55","6"
"0.35","0.53","2-Jun","0.07","5","16","0.9972","0.65","8"
"0.52","0.25","1-Sep","0.081","14","38","0.9984","0.65","6"
"0.34","0.32","2-May","0.09","43","113","0.9966","0.79","5"
"0.35","0.53","2-Jun","0.07","5","16","0.9972","0.65","8"
"0.69","0.31","3","0.086","23","81","10,002","0.74","6"
"0.52","0.25","1-Sep","0.081","14","38","0.9984","0.65","6"
"0.44","0.73","Jun-55","0.074","38","76","0.999","0.85","7"
"0.44","0.73","Jun-55","0.074","38","76","0.999","0.85","7"
"0.26","0.47","1-Sep","0.078","6","24","0.9976","1-Apr","7"
"0.24","0.42","1-Aug","0.077","6","22","0.9976","1-May","7"
"0.49","0.63","2-Sep","0.072","10","26","0.9968","0.78","7"
"0.24","0.46","1-Aug","0.075","6","21","0.9976","1-Feb","7"
"0.67","0.55","2-Mar","0.084","6","13","1","0.71","6"
"0.59","0.31","2-Feb","0.09","26","62","0.9994","0.63","6"
"0.29","0.75","2-Aug","0.084","23","43","0.9986","0.68","7"
"0.42","0.49","4-Jun","0.073","19","43","0.9978","0.61","5"
"0.59","0.31","2-Feb","0.09","26","62","0.9994","0.63","6"
"0.4","0.48","2-Jan","0.125","15","49","0.998","0.81","6"
"0.51","0.64","2-Apr","0.107","6","15","0.9973","0.66","7"
"0.51","0.64","2-Apr","0.107","6","15","0.9973","0.66","7"
"0.655","0.49","6-Jan","0.122","34","151","1,001","Jan-14","5"
"0.6","0.49","4-Mar","0.1","5","14","1,001","0.74","6"
"0.61","0.49","2-Jan","0.2","5","16","0.9994","0.63","3"
"0.21","0.49","2-Aug","0.088","11","32","0.9972","0.68","6"
"0.365","0.49","2-May","0.088","39","106","0.9966","0.78","5"
"0.25","0.49","2-Jul","0.088","15","33","0.9982","0.9","6"
"0.41","0.49","2","0.088","16","43","0.998","0.64","5"
"0.39","0.49","2-Mar","0.099","47","133","0.9979","0.99","5"
"0.4","0.49","2-May","0.085","38","142","0.9978","0.55","5"
"0.43","0.49","2-Apr","0.086","23","116","0.9976","0.64","5"
"0.64","0.24","2-Aug","0.105","29","53","0.9998","0.67","5"
"0.365","0.49","2-May","0.088","39","106","0.9966","0.78","5"
"0.38","0.49","2-May","0.097","33","85","0.9962","0.77","6"
"0.42","0.49","2-Jun","0.084","32","55","0.9988","0.75","6"
"0.63","0.24","2-Apr","0.077","6","33","0.9974","0.57","5"
"0.22","0.24","2-Jan","0.078","1","28","0.999","0.87","6"
"0.38","0.49","2-Jul","0.098","12","42","10,004","0.61","5"
"0.38","0.49","2-Jul","0.098","12","42","10,004","0.61","5"
"0.27","0.24","2-Jan","0.072","15","33","0.9956","0.66","6"
"0.48","0.24","2-Jul","0.102","13","32","1","0.56","6"
"0.22","0.24","2-Jan","0.078","1","28","0.999","0.87","6"
"0.63","0.24","2-Apr","0.077","6","33","0.9974","0.57","5"
"0.825","0.24","2-Jan","0.084","5","13","0.9972","0.77","6"
"0.35","0.49","5-Aug","0.066","5","35","10,014","0.66","7"
"0.5","0.74","May-15","0.1","5","17","0.9996","0.62","5"
"0.59","0.24","3-Mar","0.101","20","47","0.9988","0.67","5"
"0.46","0.49","6-Mar","0.064","5","17","0.9988","0.73","6"
"0.715","0.24","2-Jan","0.07","5","20","0.9966","0.59","5"
"0.66","0.24","2-May","0.085","16","53","0.9993","0.72","6"
"0.31","0.74","1-Aug","0.075","6","15","10,008","0.79","6"
"0.47","0.49","2-Jun","0.094","38","106","0.9982","0.59","5"
"0.55","0.24","2","0.078","10","28","0.9983","0.78","6"
"0.31","0.49","2-May","0.067","6","21","0.9987","0.86","6"
"0.35","0.49","2-Jun","0.079","27","69","0.9994","0.75","6"
"0.53","0.49","1-Sep","0.171","6","25","0.9975","0.61","6"
"0.51","0.01","2-Jan","0.074","9","25","0.9958","0.56","6"
"0.43","0.24","2-Aug","0.092","14","45","0.998","0.73","6"
"0.46","0.24","2-Jul","0.092","14","44","0.998","0.74","6"
"1-Apr","0.24","1-Jun","0.05","32","96","0.9934","0.62","5"
"0.645","0.49","4-Feb","0.095","10","23","100,315","0.74","5"
"0.645","0.49","4-Feb","0.095","10","23","100,315","0.74","5"
"0.53","0.49","4-Jun","0.118","10","17","10,002","0.56","6"
"0.645","0.49","4-Feb","0.095","10","23","100,315","0.74","5"
"0.53","0.49","4-Jun","0.118","10","17","10,002","0.56","6"
"0.47","0.49","4-Mar","0.085","6","47","10,021","0.68","6"
"0.6","0.49","2-Aug","0.075","5","19","0.9994","0.57","5"
"0.44","0.49","2-Apr","0.078","26","121","0.9978","0.58","5"
"0.54","0.49","2-Sep","0.094","41","110","0.9982","0.61","5"
"0.29","0.49","2-Jul","0.092","25","60","0.9971","0.61","6"
"0.47","0.49","4-Mar","0.085","6","47","10,021","0.68","6"
"0.6","0.49","2-Aug","0.075","5","19","0.9994","0.57","5"
"0.7","0.24","2-May","0.226","5","15","0.9991","0.6","6"
"0.7","0.24","2-May","0.226","5","15","0.9991","0.6","6"
"0.5","0.49","2-Jun","0.25","5","20","0.999","0.79","6"
"0.36","0.24","2-Feb","0.095","19","42","0.9946","0.57","6"
"0.35","0.49","3-Mar","0.07","10","37","10,003","0.91","6"
"0.36","0.24","2-Feb","0.095","19","42","0.9946","0.57","6"
"0.24","0.49","2-Apr","0.075","10","28","0.9978","0.61","5"
"0.59","0.49","2-Jan","0.07","14","47","0.9991","0.56","4"
"0.34","0.49","3-Feb","0.078","20","78","0.9992","0.7","6"
"0.27","0.49","3-Jan","0.079","28","46","0.9993","0.8","6"
"0.5","0.24","2-Mar","0.103","6","14","0.9978","0.52","4"
"0.44","0.49","2-Aug","0.083","18","111","0.9982","0.6","5"
"0.47","0.49","2-Sep","0.085","17","110","0.9982","0.6","5"
"0.31","0.49","2-Feb","0.063","18","40","0.9976","0.51","6"
"0.5","0.49","2-Feb","0.089","5","14","10,002","0.44","5"
"0.5","0.49","2-Feb","0.089","5","14","10,002","0.44","5"
"0.49","0.49","2-Feb","0.083","5","15","1","0.43","5"
"0.28","0.49","1-Sep","0.074","10","21","0.9976","0.66","7"
"0.33","0.49","3-Apr","0.093","54","80","10,002","0.76","7"
"0.51","0.24","2-Apr","0.091","8","38","0.998","0.66","6"
"0.31","0.49","2-Jul","0.094","16","47","0.9986","1-Feb","7"
"0.73","0.24","1-Sep","0.108","18","102","0.9967","0.59","5"
"0.42","0.24","2","0.06","19","50","0.9917","0.74","8"
"0.29","0.49","2-Jun","0.059","5","13","0.9976","0.74","7"
"0.45","0.49","2-Jun","0.084","21","75","0.9987","0.57","5"
"0.39","0.49","1-Jul","0.07","23","149","0.9922","0.5","6"
"0.45","0.49","2-Jun","0.084","21","75","0.9987","0.57","5"
"0.49","0.58","3-May","0.094","9","43","10,004","0.58","5"
"0.72","0.17","2-Jun","0.096","20","38","0.9978","0.53","5"
"0.595","0.41","7-Sep","0.086","30","109","0.9998","0.57","5"
"0.4","0.51","2","0.059","6","24","0.9994","0.6","6"
"0.58","0.58","1-Sep","0.071","5","18","0.998","0.63","6"
"0.585","0.18","2-Jan","0.078","5","30","0.9967","0.48","6"
"0.59","0.45","2-Mar","0.082","11","22","1","0.7","6"
"0.915","0.27","2-Jan","0.088","7","23","0.9962","0.47","4"
"0.46","0.52","2-Feb","0.071","12","35","10,006","0.56","6"
"0.835","0","2-Jun","0.081","6","14","0.9975","0.52","5"
"0.46","0.52","2-Feb","0.071","12","35","10,006","0.56","6"
"0.58","0.13","2-Sep","0.096","14","63","0.9984","0.62","6"
"0.6","0.13","2-Jun","0.085","6","24","0.9984","0.59","6"
"0.41","0.48","4-Jun","0.072","10","20","0.9973","0.79","7"
"0.48","0.41","3-Mar","0.092","26","52","0.9982","0.53","6"
"0.65","0.37","5-Jan","0.11","11","65","10,026","0.64","6"
"0.36","0.19","3-Feb","0.075","15","39","0.9956","0.52","6"
"0.24","0.54","2-May","0.083","25","57","0.9983","0.54","5"
"0.38","0.55","2-Jul","0.081","5","16","10,006","0.54","5"
"0.64","0","2-Apr","0.077","18","29","0.9965","0.6","6"
"0.39","0.38","1-May","0.058","10","29","0.9962","0.74","5"
"0.755","0.18","2-Feb","0.148","10","103","0.9969","Jan-36","6"
"0.6","0.5","2-Mar","0.079","28","71","0.9997","0.57","5"
"0.6","0.5","2-Mar","0.079","28","71","0.9997","0.57","5"
"0.31","0.51","2-Feb","0.079","14","28","0.9982","0.93","6"
"0.46","0.5","2-Jul","0.122","4","17","10,006","0.7","5"
"0.37","0.41","2-Mar","0.088","6","16","0.9988","0.8","5"
"0.54","0.24","3-Apr","0.076","16","112","0.9976","0.61","5"
"0.56","0.23","3-Apr","0.078","14","104","0.9976","0.62","5"
"0.58","0.22","1-Sep","0.08","9","32","0.9974","0.55","5"
"0.51","0.25","2-Sep","0.077","21","45","0.9974","0.96","6"
"0.69","0","5-Jun","0.124","21","58","0.9997","0.72","5"
"0.69","0","5-Jun","0.124","21","58","0.9997","0.72","5"
"0.6","0.29","2-Feb","0.098","5","15","0.9988","0.49","5"
"0.6","0.29","2-Feb","0.098","5","15","0.9988","0.49","5"
"0.54","0.26","2-May","0.097","7","31","0.9976","0.6","6"
"0.685","0.23","2-Mar","0.111","20","84","0.9964","0.61","5"
"0.54","0.26","2-May","0.097","7","31","0.9976","0.6","6"
"0.28","0.54","2-Jul","0.105","5","19","0.9988","0.63","5"
"0.41","0.14","3","0.087","21","43","0.9964","0.57","6"
"0.935","0.22","3-Apr","0.105","11","86","1,001","0.64","4"
"0.35","0.21","1-Sep","0.073","46","102","0.9964","0.58","5"
"0.84","0","1-Apr","0.065","24","33","0.9954","0.55","5"
"0.88","0.28","2-Apr","0.086","30","147","0.9979","0.53","5"
"0.885","0.27","2-Mar","0.084","31","145","0.9978","0.53","5"
"0.915","0.12","2-Feb","0.143","7","23","0.9964","0.65","7"
"0.29","0.35","1-Sep","0.067","25","57","0.997","Jan-36","6"
"0.54","0.45","2-Mar","0.071","16","40","0.9991","0.62","5"
"0.59","0.44","2-Mar","0.071","21","68","0.9992","0.63","5"
"0.54","0.45","2-Mar","0.071","16","40","0.9991","0.62","5"
"0.59","0.44","2-Mar","0.071","21","68","0.9992","0.63","5"
"0.54","0.45","2-Mar","0.071","16","40","0.9991","0.62","5"
"0.64","0.1","6","0.115","5","11","0.9984","0.69","7"
"0.67","0.05","3-Jun","0.107","6","20","0.9972","0.63","5"
"0.845","0.01","2-Feb","0.07","5","14","0.9967","0.58","4"
"0.48","0.3","2-Aug","0.066","10","28","0.9964","0.67","7"
"0.42","0.27","8-Jun","0.068","24","148","0.9948","0.57","6"
"0.43","0.39","2-Feb","0.106","8","32","0.9986","0.5","5"
"0.88","0.25","2-May","0.104","35","155","1,001","0.67","5"
"0.36","0.65","7-May","0.096","22","71","0.9976","0.84","5"
"0.33","0.59","2-Aug","0.079","9","30","0.9976","0.54","6"
"0.47","0.47","2-Apr","0.074","7","29","0.9979","0.46","5"
"0.55","0.17","2-Sep","0.087","20","53","10,004","0.61","5"
"0.43","0.39","2-Feb","0.106","8","32","0.9986","0.5","5"
"0.5","0.59","1-Apr","0.073","23","42","0.998","0.68","7"
"0.52","0.07","1-Apr","0.074","5","20","0.9973","0.81","6"
"0.84","0.02","4-Apr","0.096","5","13","0.997","0.57","4"
"0.52","0.07","1-Apr","0.074","5","20","0.9973","0.81","6"
"0.42","0.31","1-Jun","0.08","15","42","0.9978","0.64","5"
"0.57","0.06","1-Jun","0.076","9","27","0.9972","0.7","6"
"0.28","0.46","1-Aug","0.05","5","13","0.9974","0.79","6"
"0.4","0.52","2","0.092","15","54","1","0.66","5"
"0.59","0.14","2","0.084","25","48","0.9981","0.56","5"
"0.49","0.36","1-Aug","0.222","6","16","0.998","0.6","6"
"0.34","0.45","2","0.082","6","15","0.9988","0.66","6"
"0.73","0.43","2-Mar","0.059","15","31","0.9966","0.57","5"
"0.34","0.45","2","0.082","6","15","0.9988","0.66","6"
"0.4","0.24","2-May","0.083","30","45","0.9959","0.58","5"
"0.73","0.21","1-Jul","0.074","5","13","0.9968","0.52","5"
"Jan-24","0.34","2","0.079","32","151","0.998","0.53","5"
"0.73","0.21","1-Jul","0.074","5","13","0.9968","0.52","5"
"0.4","0.41","2-Feb","0.084","7","17","0.9984","0.67","6"
"0.41","0.39","2-Feb","0.064","12","31","0.9984","0.65","5"
"0.4","0.41","2-Feb","0.084","7","17","0.9984","0.67","6"
"0.8","0.11","2-Mar","0.084","12","31","0.9979","0.48","5"
"0.78","0.1","2-Jun","0.081","45","87","0.9983","0.53","5"
"0.26","0.45","3-Mar","0.06","20","49","0.9972","0.54","5"
"0.43","0.58","1-Sep","0.07","15","40","10,004","0.49","5"
"0.45","0.23","2-Feb","0.094","16","29","0.9962","0.49","6"
"0.46","0.31","Feb-25","0.078","32","58","0.998","0.54","5"
"0.78","0.23","2-Jun","0.059","5","15","0.997","0.56","5"
"0.98","0.32","2-Mar","0.078","35","152","0.998","0.48","5"
"0.78","0.23","2-Jun","0.059","5","15","0.997","0.56","5"
"0.65","0.18","1-Aug","0.07","13","40","0.997","0.6","5"
"0.64","0.23","3-Jan","0.095","13","38","0.9998","0.59","5"
"0.66","0.04","1-Jun","0.039","4","9","0.9962","0.47","5"
"0.38","0.48","1-Aug","0.157","5","17","0.9976","1-May","5"
"1,185","0","Apr-25","0.097","5","14","0.9966","0.54","3"
"0.92","0.24","2-Jun","0.087","12","93","0.9998","0.54","5"
"0.49","0.51","2","0.422","16","62","0.9979","Jan-17","5"
"0.48","0.32","2-Aug","0.084","21","122","0.9984","0.62","5"
"0.47","0.31","2-Jul","0.084","24","125","0.9984","0.61","5"
"0.47","0.02","1-Mar","0.034","18","44","0.9921","0.62","6"
"0.65","0.02","2-Jan","0.066","8","25","0.9972","0.67","6"
"0.65","0.02","2-Jan","0.066","8","25","0.9972","0.67","6"
"0.615","0.28","3-Feb","0.087","18","72","10,001","0.53","5"
"0.38","0.55","2-Jan","0.071","5","19","0.9986","0.62","6"
"1-Feb","0.43","2-Sep","0.076","26","88","0.9984","0.57","6"
"0.65","0.02","2-Jan","0.066","8","25","0.9972","0.67","6"
"0.64","0.02","2-Jan","0.067","9","23","0.997","0.67","6"
"0.38","0.48","2-Jun","0.073","22","84","0.9972","0.7","4"
"0.765","0.04","1-Jun","0.078","4","14","0.998","0.54","4"
"1,035","0.15","6","0.073","11","54","0.999","0.49","5"
"0.78","0.08","2","0.093","10","19","0.9956","0.47","5"
"0.49","0.19","3","0.077","16","37","0.9966","0.51","5"
"0.545","0.12","2-May","0.068","11","35","0.996","0.61","6"
"0.31","0.47","1-Jun","0.062","13","33","0.9983","0.66","6"
"1,025","0.43","2-Aug","0.08","21","84","0.9985","0.57","5"
"0.565","0.34","3","0.093","16","112","0.9998","0.61","5"
"0.69","0","3-Feb","0.084","13","33","0.9992","0.45","5"
"0.43","0.36","2-Mar","0.075","10","48","0.9976","0.46","5"
"0.74","0.28","2-Jun","0.078","21","77","0.998","0.51","5"
"0.49","0.18","2-Jul","0.069","13","34","0.9967","0.48","6"
"0.43","0.36","2-Mar","0.075","10","48","0.9976","0.46","5"
"0.46","0.11","2-Jun","0.079","12","49","0.9968","0.57","5"
"0.56","0.04","2","0.082","10","22","0.9976","0.44","5"
"0.66","0","3-Sep","0.086","17","45","0.9976","0.54","5"
"0.56","0.04","2","0.082","10","22","0.9976","0.44","5"
"0.48","0.24","Feb-85","0.094","35","106","0.9982","0.53","5"
"0.42","0.08","2-Jul","0.084","15","48","0.9968","0.59","5"
"0.31","0.3","2-Feb","0.053","36","127","0.9965","Jan-62","5"
"1,115","0.1","3-Jan","0.086","5","12","0.9958","0.6","4"
"0.66","0.17","3","0.077","5","13","0.9976","0.55","5"
"0.72","0.09","2-Aug","0.084","18","49","0.9994","0.72","6"
"0.57","0.02","1-Aug","0.067","4","11","0.997","0.68","5"
"0.57","0.02","1-Aug","0.067","4","11","0.997","0.68","5"
"0.865","0.03","3-Feb","0.071","27","58","0.995","0.49","6"
"0.55","0.66","2-Mar","0.387","12","37","0.9982","0.67","5"
"0.875","0.13","Mar-45","0.088","4","14","0.9994","0.52","5"
"0.835","0.03","2-Jan","0.092","10","19","0.9966","0.47","5"
"0.45","0.34","2-Jul","0.082","16","72","0.998","0.6","5"
"0.56","0.2","2","0.075","9","39","0.9987","0.62","5"
"0.965","0.1","2-Jan","0.112","11","22","0.9963","0.5","5"
"0.965","0.1","2-Jan","0.112","11","22","0.9963","0.5","5"
"0.59","0","2-May","0.093","19","58","10,002","0.65","6"
"0.46","0.23","2-Aug","0.092","28","104","0.9983","0.56","5"
"0.69","0","2-Apr","0.088","19","38","0.999","0.6","5"
"0.76","0.29","4-Feb","0.075","12","16","0.9965","0.68","6"
"0.53","0.24","2-Jun","0.078","28","139","0.99788","0.57","5"
"0.615","0","1-Sep","0.065","9","18","0.9972","0.65","5"
"0.41","0.58","2-Aug","0.096","25","101","100,024","0.53","5"
"0.39","0.54","2-Jul","0.095","21","101","10,001","0.51","5"
"0.51","0.18","2-Jan","0.07","12","28","0.99768","0.73","6"
"0.34","0.38","2-May","0.08","12","57","0.9978","0.47","6"
"0.33","0.4","2-Jun","0.083","16","68","0.99782","0.48","5"
"0.5","0.18","2-Jan","0.071","12","31","0.99761","0.72","6"
"0.51","0.18","2-Jan","0.07","12","28","0.99768","0.73","6"
"0.65","0.1","2-Sep","0.089","17","40","0.99803","0.55","5"
"0.65","0.1","2-Sep","0.089","17","40","0.99803","0.55","5"
"0.54","0.13","2-May","0.097","24","66","0.99785","0.61","5"
"0.65","0.1","2-Sep","0.089","17","40","0.99803","0.55","5"
"0.48","0.68","1-Jul","0.415","14","32","0.99656","1-Jun","6"
"0.91","0.07","1-Sep","0.058","22","47","0.99525","0.43","6"
"0.98","0.01","2","0.057","15","33","0.99488","0.46","6"
"0.87","0","2-Feb","0.084","10","31","0.99656","0.5","5"
"0.87","0","2-Feb","0.084","10","31","0.99656","0.5","5"
"0.42","0.21","2-May","0.092","33","88","0.99823","0.52","5"
"0.58","0.25","2-Aug","0.075","9","104","0.99779","0.57","5"
"0.655","0.26","2","0.096","5","35","0.99738","0.42","5"
"0.7","0","1-Jul","0.069","8","19","0.99701","0.53","6"
"0.655","0.26","2","0.096","5","35","0.99738","0.42","5"
"0.68","0.11","2-Aug","0.093","11","44","0.99888","0.55","6"
"0.67","0.1","3","0.091","12","48","0.99888","0.54","6"
"0.59","0.18","2-Sep","0.089","12","74","0.99738","0.54","5"
"0.6","0.32","2-Jul","0.103","13","98","0.99938","0.62","5"
"0.59","0.02","2-Mar","0.082","24","94","0.99744","0.53","6"
"0.72","0.01","1-Sep","0.076","7","32","0.99668","0.54","5"
"0.59","0.02","2-Mar","0.082","24","94","0.99744","0.53","6"
"0.685","0.26","2-Apr","0.082","23","143","0.9978","0.55","5"
"0.57","0.27","2-Mar","0.082","23","144","0.99782","0.55","5"
"0.4","0.29","1-Aug","0.157","1","44","0.9973","0.92","6"
"0.4","0.3","1-Aug","0.157","2","45","0.99727","0.91","6"
"1","0","3","0.102","7","16","0.99586","0.46","5"
"0.765","0.18","2-Apr","0.243","5-May","48","0.99612","0.6","6"
"0.635","0.17","2-Apr","0.241","6","18","0.9961","0.59","6"
"0.43","0.3","3-Apr","0.079","7","34","0.99788","0.61","5"
"0.52","0.03","2-Jun","0.076","21","92","0.99745","0.6","5"
"0.57","0","2","0.19","12","45","0.99676","0.6","6"
"0.46","0.14","2-Apr","0.114","9","37","0.99732","0.65","5"
"0.82","0.05","2-Apr","0.081","26","96","0.99814","0.53","5"
"0.46","0.14","2-Apr","0.114","9","37","0.99732","0.65","5"
"0.59","0.01","2-May","0.077","20","85","0.99746","0.59","5"
"0.35","0.41","2-Mar","0.083","11","61","0.9982","0.5","5"
"0.35","0.41","2-Mar","0.083","11","61","0.9982","0.5","5"
"0.56","0.24","2-Feb","0.079","19","58","0.9991","0.56","6"
"0.56","0.24","2-Feb","0.079","19","58","0.9991","0.56","6"
"0.63","0.17","2-Sep","0.099","21","119","0.998","0.52","5"
"0.37","0.43","2-Jun","0.082","18","82","0.99708","0.68","6"
"0.64","0.17","2-Sep","0.084","25","130","0.99818","0.54","5"
"0.61","0.02","2-May","0.081","17","87","0.99745","0.6","6"
"0.6","0","2-Jun","0.055","7","13","0.99639","0.56","5"
"0.27","0.54","2-Mar","0.065","7","26","0.99531","0.53","6"
"0.89","0.3","2-Jun","0.132","7","60","0.99786","Jan-18","5"
"0.46","0.31","2-May","0.126","24","64","0.99746","0.74","5"
"0.37","0.44","1-Jun","0.038","21","42","0.99526","0.81","7"
"0.5","0.34","3-Jun","0.082","5","14","0.9987","0.52","6"
"0.5","0.34","3-Jun","0.082","5","14","0.9987","0.52","6"
"0.61","0.08","4","0.082","26","108","0.99641","0.51","5"
"0.55","0.09","3-Mar","0.068","8","17","0.99735","0.44","5"
"0.585","0","1-Jul","0.044","14","86","0.99264","0.94","7"
"0.56","0.08","2-May","0.114","14","46","0.9971","0.66","6"
"0.52","0.22","2-Jul","0.084","4","18","0.99682","0.57","6"
"0.28","0.4","2-Apr","0.052","4","10","0.99356","0.7","7"
"0.25","0.39","2","0.041","4","10","0.99386","0.71","7"
"0.28","0.4","2-Apr","0.052","4","10","0.99356","0.7","7"
"0.53","0.12","1-Sep","0.165","4","12","0.99702","0.86","5"
"0.48","0.31","2-Aug","0.07","4","15","0.99693","0.55","6"
"0.49","0.1","2-Jun","0.068","4","14","0.99562","0.47","5"
"0.5","0.55","2-Aug","0.072","7","24","100,012","0.68","6"
"0.45","0.33","2-May","0.099","20","38","0.99818","0.71","5"
"0.39","0.24","2-Jan","0.102","4","7","0.99462","0.58","4"
"0.41","0.54","2-Aug","0.103","19","41","0.99939","0.76","6"
"0.45","0.33","2-May","0.099","20","38","0.99818","0.71","5"
"0.51","0.19","3-Feb","0.081","8","30","0.9984","0.58","6"
"0.29","0.42","1-Jun","0.084","19","27","0.99545","0.73","6"
"0.715","0","Feb-35","0.071","21","47","0.99632","0.45","5"
"0.66","0.15","3-Feb","0.097","9","59","0.99976","0.54","5"
"0.685","0","1-Sep","0.099","9","22","0.99606","0.6","5"
"0.42","0","2-Jan","0.048","16","42","0.99154","0.74","7"
"0.54","0.13","2","0.076","15","36","0.9973","0.64","5"
"0.54","0.13","2","0.076","15","36","0.9973","0.64","5"
"0.48","0.28","2-Aug","0.068","6","16","0.99682","0.53","5"
"0.46","0.14","2-Aug","0.076","15","37","0.99624","0.49","5"
"0.27","0.34","2-Mar","0.05","4","8","0.9951","0.64","7"
"0.46","0.14","2-Aug","0.076","15","37","0.99624","0.49","5"
"0.57","0.09","2-Mar","0.065","34","45","0.99417","0.74","8"
"0.61","0.08","2-Jan","0.071","16","24","0.99376","0.77","6"
"0.685","0.07","2-May","0.058","5","9","0.99632","0.55","4"
"0.61","0.08","2-Jan","0.071","16","24","0.99376","0.77","6"
"0.44","0.42","1-May","0.145","34","48","0.99832","0.86","3"
"0.47","0.44","1-Jun","0.147","36","51","0.99836","0.86","4"
"0.685","0.26","1-Jun","0.088","16","23","0.99694","0.47","5"
"0.665","0.1","1-May","0.066","27","55","0.99655","0.51","5"
"0.28","0.28","2-Apr","0.012","36","100","0.99064","0.39","7"
"0.28","0.28","2-Apr","0.012","36","100","0.99064","0.39","7"
"0.31","0.35","1-Jun","0.075","9","28","0.99672","0.83","7"
"0.5","0.04","2-Feb","0.092","13","26","0.99647","0.47","5"
"0.42","0.47","Feb-65","0.085","9","34","0.99736","0.77","7"
"0.66","0","3","0.115","21","31","0.99629","0.63","5"
"0.5","0.45","2-Jun","0.119","34","68","0.99708","0.72","6"
"0.685","0.35","2","0.088","9","92","0.9963","0.62","5"
"0.25","0.46","1-Jul","0.062","26","42","0.9959","0.83","6"
"0.64","0.21","1-Aug","0.081","14","31","0.99689","0.66","5"
"0.64","0.21","1-Aug","0.081","14","31","0.99689","0.66","5"
"0.68","0.16","1-Aug","0.078","12","39","0.9977","0.7","6"
"0.64","0.21","1-Aug","0.081","14","31","0.99689","0.66","5"
"0.63","0.21","1-Jun","0.08","12","32","0.99689","0.66","5"
"0.43","0.44","1-Sep","0.085","9","22","0.99708","0.55","5"
"0.43","0.44","1-Sep","0.085","9","22","0.99708","0.55","5"
"0.42","0.32","2-May","0.08","26","122","0.99801","1-Jul","5"
"0.36","0.39","1-May","0.08","41","55","0.99652","0.73","6"
"0.36","0.39","1-May","0.08","41","55","0.99652","0.73","6"
"0.735","0.02","2-May","0.071","10","14","0.99538","0.71","7"
"0.36","0.39","1-May","0.08","41","55","0.99652","0.73","6"
"0.26","0.34","2-May","0.073","16","47","0.99594","0.78","7"
"0.28","0.47","1-Jul","0.054","17","32","0.99686","0.67","7"
"0.56","0.22","1-Aug","0.074","15","24","0.99438","0.82","6"
"0.62","0.06","2-Jul","0.077","15","85","0.99746","0.54","5"
"1-Jan","0.66","2","0.039","15","88","0.99357","0.6","6"
"0.42","0.32","2-Jul","0.067","7","25","0.99628","0.44","5"
"0.62","0.06","2-May","0.078","17","84","0.99746","0.53","5"
"0.62","0.06","2-Jul","0.077","15","85","0.99746","0.54","5"
"0.635","0.07","2-Jun","0.077","16","86","0.99748","0.54","5"
"0.49","0.22","2-Mar","0.071","13","24","0.99438","0.83","6"
"0.51","0.23","2","0.072","13","22","0.99438","0.84","6"
"0.56","0.22","1-Aug","0.074","15","24","0.99438","0.82","6"
"0.63","0.03","2","0.08","27","43","0.99578","0.64","6"
"0.715","0.01","2-Jan","0.064","31","43","0.99371","0.57","6"
"0.56","0.03","1-May","0.086","36","46","0.99522","0.57","5"
"0.35","0.24","2","0.067","28","48","0.99576","0.54","4"
"0.21","0.37","1-Jun","0.067","6","10","0.99552","0.58","7"
"0.38","0.46","2-Jan","0.104","6","10","0.99664","0.65","7"
"0.31","0.4","2-Aug","0.109","7","16","0.99614","0.79","7"
"0.47","0","2-Feb","0.067","7","14","0.99517","0.58","4"
"0.715","0.01","2-Jan","0.064","31","43","0.99371","0.57","6"
"0.61","0.19","4","0.094","30","69","0.99787","0.5","6"
"0.6","0.04","2-May","0.076","18","88","0.99745","0.55","5"
"0.56","0.18","1-Jun","0.078","10","21","0.99576","0.49","5"
"0.715","0","2-Jan","0.068","30","35","0.99533","0.65","6"
"0.31","0.29","3-Jan","0.194","14","26","0.99536","0.78","6"
"0.6","0.04","2-May","0.076","18","88","0.99745","0.55","5"
"0.61","0.19","4","0.094","30","69","0.99787","0.5","6"
"0.75","0.14","2-May","0.086","9","30","0.99824","0.64","5"
"0.8","0.12","2-Apr","0.083","8","28","0.99836","0.65","6"
"0.52","0.38","2-Jun","0.066","29","56","0.99577","0.79","7"
"0.57","0","2-May","0.072","32","64","0.99491","0.56","6"
"0.9","0.34","6-Jun","0.112","23","99","100,289","0.68","5"
"0.34","0.24","2","0.071","30","52","0.99576","0.58","5"
"0.66","0.03","2-Mar","0.078","16","86","0.99743","0.57","5"
"0.45","0.23","1-Sep","0.082","10","18","0.99774","0.65","6"
"0.66","0.03","2-Mar","0.078","16","86","0.99743","0.57","5"
"0.63","0.03","2-Feb","0.08","17","88","0.99745","0.58","6"
"0.59","0.01","2-Mar","0.08","27","43","0.9955","0.58","6"
"0.31","0.39","2-Apr","0.078","17","43","0.99444","0.77","7"
"0.59","0.01","2-Mar","0.08","27","43","0.9955","0.58","6"
"0.31","0.39","2-Apr","0.078","17","43","0.99444","0.77","7"
"1-Feb","0.02","3-Apr","0.084","6","11","0.99892","0.49","3"
"0.31","0.36","2-Jun","0.056","10","39","0.99562","0.69","5"
"0.635","0.1","2-Apr","0.08","16","33","0.99736","0.69","7"
"0.635","0.1","2-Apr","0.08","16","33","0.99736","0.69","7"
"0.59","0.06","6","0.06","11","18","0.9962","0.59","7"
"0.59","0.06","6","0.06","11","18","0.9962","0.59","7"
"0.58","0.2","3","0.081","15","115","0.998","0.59","5"
"0.54","0.27","2-Jun","0.084","12","78","0.9964","0.71","5"
"0.56","0","2-Feb","0.079","6","9","0.9948","0.54","6"
"0.52","0.13","2-Apr","0.078","34","61","0.99528","0.59","6"
"0.305","0.39","1-Feb","0.059","7","11","0.99331","0.52","6"
"0.38","0.48","3-Aug","0.132","3","11","0.99577","0.57","6"
"0.28","0.46","9","0.114","3","9","0.99901","0.6","6"
"0.46","0.44","2-Sep","0.065","4","8","0.99674","0.62","6"
"0.395","0.46","4-Jun","0.094","3","10","0.99639","0.64","7"
"0.305","0.39","1-Feb","0.059","7","11","0.99331","0.52","6"
"0.315","0.4","2-Feb","0.079","3","6","0.99512","0.67","6"
"0.715","0.19","1-May","0.161","7","62","0.99395","0.61","5"
"0.41","0.31","8-Aug","0.084","26","45","0.99824","0.64","6"
"0.36","0.32","2-Feb","0.081","32","79","0.9964","0.72","6"
"0.62","0.12","1-Aug","0.072","38","46","0.99504","0.89","6"
"0.41","0.37","2-Mar","0.091","10","23","0.99786","0.56","5"
"0.36","0.32","2-Feb","0.081","32","79","0.9964","0.72","6"
"0.62","0.12","1-Aug","0.072","38","46","0.99504","0.89","6"
"0.41","0.31","8-Aug","0.084","26","45","0.99824","0.64","6"
"0.47","0.27","2-Mar","0.055","14","28","0.99516","0.8","5"
"0.22","0.36","1-Sep","0.064","53","77","0.99604","0.87","7"
"0.24","0.33","2-Mar","0.061","52","73","0.99786","0.9","6"
"0.67","0.19","2-Feb","0.093","11","75","0.99736","0.59","4"
"0.47","0.27","2-Mar","0.055","14","28","0.99516","0.8","5"
"0.33","0.38","3-Mar","0.063","10","19","0.99468","0.73","7"
"0.61","0.01","1-Sep","0.08","8","25","0.99746","0.73","5"
"0.61","0.01","2","0.074","13","38","0.99748","0.65","5"
"0.4","0.29","1-Sep","0.078","29","66","0.9971","0.59","6"
"0.61","0.01","2","0.074","13","38","0.99748","0.65","5"
"0.61","0.01","1-Sep","0.08","8","25","0.99746","0.73","5"
"0.3","0.38","2-Mar","0.06","19","72","0.99543","0.72","6"
"0.3","0.38","2-Mar","0.06","19","72","0.99543","0.72","6"
"0.63","0.5","1-Apr","0.071","6","26","0.99791","0.6","4"
"0.38","0.38","2-Aug","0.068","23","42","0.99356","0.72","7"
"0.46","0.17","1-Jun","0.073","7","11","0.99425","0.54","5"
"0.33","0.52","2-Feb","0.074","13","25","0.99509","0.76","7"
"0.27","0.49","5","0.082","9","17","0.99484","0.52","7"
"0.43","0.4","2-Jun","0.092","13","52","0.99834","0.64","7"
"0.5","0.34","2-Mar","0.094","10","45","0.99864","0.6","7"
"0.3","0.49","3-Aug","0.09","11","24","0.99498","0.64","7"
"0.44","0.42","2","0.071","7","20","0.99566","0.79","7"
"0.44","0.58","4-Jan","0.092","11","24","0.99745","0.99","7"
"0.28","0.48","2-Jan","0.093","6","12","0.99408","0.62","7"
"0.12","0.45","1-Aug","0.075","10","21","0.99552","0.76","7"
"0.12","0.45","1-Aug","0.075","10","21","0.99552","0.76","7"
"0.12","0.45","1-Aug","0.075","10","21","0.99552","0.76","7"
"0.28","0.48","2-Jan","0.093","6","12","0.99408","0.62","7"
"0.31","0.4","2-Feb","0.058","6","10","0.99536","0.68","7"
"0.34","0.48","2-Jan","0.052","5","9","0.99458","0.69","7"
"0.43","0.4","2-Jul","0.082","6","11","0.99538","0.54","6"
"0.21","0.52","1-Sep","0.09","9","23","0.99648","0.67","5"
"0.36","0.52","2-Jan","0.111","5","10","0.99568","0.62","6"
"0.37","0.52","2","0.088","12","51","0.99613","0.58","6"
"0.57","0.12","2-Mar","0.12","25","36","0.99519","0.71","7"
"0.59","0.05","2","0.089","12","32","0.99735","0.61","5"
"0.47","0.27","1-Sep","0.058","18","38","0.99518","0.85","6"
"0.56","0.14","1-Jun","0.078","7","18","0.99592","0.62","5"
"0.57","0.02","2-Jan","0.115","6","16","0.99654","0.69","5"
"0.27","0.39","2","0.1","20","27","0.99546","0.69","6"
"0.47","0.27","1-Sep","0.058","18","38","0.99518","0.85","6"
"0.34","0.4","2-Apr","0.065","24","48","0.99554","0.86","6"
"0.38","0.41","2-Apr","0.103","6","10","0.99604","0.58","7"
"0.66","0.2","2-Jan","0.097","23","113","0.99733","0.48","5"
"0.4","0.43","2-Apr","0.068","29","46","0.9943","0.6","6"
"0.56","0.09","2-Sep","0.079","7","22","0.99669","0.61","5"
"0.26","0.48","1-Sep","0.066","6","10","0.99724","0.87","6"
"0.26","0.48","1-Sep","0.066","6","10","0.99724","0.87","6"
"0.38","0.5","2-Apr","0.104","6","13","0.99643","0.65","7"
"0.34","0.44","1-Jul","0.079","6","12","0.99605","0.63","5"
"0.33","0.41","5-Sep","0.073","7","13","0.99658","0.62","7"
"0.41","0.3","2-Jan","0.083","35","72","0.997","0.52","5"
"0.41","0.3","2-Jan","0.083","35","72","0.997","0.52","5"
"0.59","0.29","2-Jun","0.109","31","119","0.99801","0.5","5"
"0.4","0.32","3-Jun","0.061","9","29","0.99416","0.49","7"
"0.45","0.49","1-Apr","0.075","3","6","0.9969","0.63","5"
"0.5","0.3","1-Sep","0.065","8","17","0.99774","0.71","6"
"0.86","0.26","1-Sep","0.079","13","28","0.99712","0.62","5"
"0.52","0.32","2-Jan","0.07","51","70","0.99418","0.82","6"
"0.5","0.3","1-Sep","0.065","8","17","0.99774","0.71","6"
"0.45","0.49","1-Apr","0.075","3","6","0.9969","0.63","5"
"0.58","0","2","0.064","7","11","0.99562","0.58","6"
"0.34","0.39","1-Apr","0.066","3","7","0.9947","0.55","7"
"0.36","0.3","1-Jun","0.08","35","70","0.99693","0.5","5"
"0.39","0.12","1-Jul","0.097","19","27","0.99596","0.49","5"
"0.295","0.4","1-May","0.073","14","21","0.99556","0.51","6"
"0.39","0.12","1-Jul","0.097","19","27","0.99596","0.49","5"
"0.34","0.28","2","0.082","31","68","0.99694","0.48","5"
"0.4","0.1","2","0.076","30","47","0.99554","0.48","6"
"0.34","0.28","2","0.082","31","68","0.99694","0.48","5"
"0.35","0.45","2-May","0.092","20","88","0.99918","0.43","5"
"0.6","0.06","2","0.079","19","41","0.99697","0.62","6"
"0.66","0","2-Feb","0.087","3","11","0.99378","0.63","7"
"0.66","0","2-Feb","0.087","3","11","0.99378","0.63","7"
"0.84","0.34","1-Apr","0.05","4","10","0.99554","0.48","6"
"0.69","0","Jan-65","0.055","7","12","0.99162","0.53","6"
"0.43","0.3","2-Feb","0.062","6","12","0.99495","0.72","7"
"0.35","0.38","1-May","0.058","31","47","0.99676","0.82","7"
"0.29","0.33","2-May","0.063","13","27","0.99516","0.84","7"
"0.36","0.32","1-Aug","0.067","4","8","0.9928","0.55","7"
"0.43","0.29","1-Jun","0.081","27","45","0.99603","0.54","5"
"0.36","0.32","1-Aug","0.067","4","8","0.9928","0.55","7"
"0.29","0.33","2-May","0.063","13","27","0.99516","0.84","7"
"0.3","0.34","2","0.064","12","25","0.99516","0.84","7"
"0.35","0.4","3-Jun","0.11","12","24","0.99549","0.7","7"
"0.5","0.36","2-Aug","0.116","26","55","0.99722","0.68","5"
"0.28","0.45","1-Jul","0.067","7","12","0.99354","0.55","7"
"0.32","0.31","2","0.088","12","19","0.9957","0.55","6"
"1,005","0.15","2-Jan","0.102","11","32","0.99604","0.48","5"
"0.71","0","1-Jun","0.092","22","31","0.99635","0.58","6"
"0.58","0.16","2","0.12","3","7","0.99454","0.58","6"
"0.39","0.46","2-Feb","0.075","14","27","0.99598","0.84","6"
"0.38","0.4","2-Feb","0.068","12","28","0.99486","0.75","7"
"0.18","0.37","0.9","0.049","36","109","0.99007","0.44","6"
"0.18","0.37","0.9","0.049","36","109","0.99007","0.44","6"
"0.5","0.14","1-Aug","0.078","10","23","0.99636","0.61","5"
"0.36","0.66","2-Apr","0.123","3","8","0.99642","0.53","6"
"0.36","0.66","2-Apr","0.123","3","8","0.99642","0.53","6"
"0.51","0.09","2-Jan","0.062","4","9","0.99584","0.54","5"
"0.32","0.42","2-Mar","0.098","3","9","0.99506","0.55","6"
"0.58","0.01","1-Aug","0.088","12","18","0.99568","0.56","7"
"0.83","0","2-Aug","0.095","17","43","0.99822","0.6","6"
"0.31","0.32","1-Sep","0.066","14","36","0.99364","0.56","6"
"0.795","0","2-Feb","0.065","28","52","0.99378","0.52","5"
"0.34","0.21","2-May","0.075","41","68","0.99586","0.54","6"
"0.58","0.01","1-Aug","0.088","12","18","0.99568","0.56","7"
"0.59","0","2-Jan","0.091","9","14","0.99488","0.55","7"
"0.55","0.01","1-Aug","0.093","9","15","0.99514","0.58","7"
"0.82","0","4-Jan","0.095","5","14","0.99854","0.53","5"
"0.57","0.08","2-Jun","0.089","14","27","0.99592","0.59","6"
"0.745","0.18","2-May","0.077","15","48","0.99739","0.47","6"
"0.37","0.34","2-Apr","0.085","5","17","0.99683","0.65","7"
"0.31","0.34","2-May","0.082","26","35","0.99356","0.59","7"
"0.91","0.1","1-Aug","0.074","20","56","0.99672","0.56","5"
"0.41","0.41","6-Feb","0.078","25","42","0.9953","0.77","7"
"0.5","0.21","2-Feb","0.088","21","39","0.99692","0.83","6"
"0.965","0","2-Feb","0.088","16","32","0.99756","0.67","5"
"0.49","0.19","1-Jul","0.079","13","26","0.99547","0.64","6"
"0.5","0.21","2-Feb","0.088","21","39","0.99692","0.83","6"
"0.39","0.41","8-Sep","0.069","18","39","0.99859","0.81","7"
"0.39","0.33","3-Mar","0.046","12","53","0.99294","0.62","6"
"0.44","0","1-Apr","0.07","32","38","0.99438","0.58","6"
"0.78","0","1-Jul","0.076","33","45","0.99612","0.62","6"
"0.43","0.17","1-Aug","0.082","27","51","0.99634","0.64","5"
"0.49","0.36","1-Jul","0.081","3","14","0.99702","0.78","6"
"0.5","0.36","1-Aug","0.084","6","17","0.99704","0.77","6"
"0.43","0.17","1-Aug","0.082","27","51","0.99634","0.64","5"
"0.46","0.59","1-Apr","0.414","16","45","0.99702","Jan-34","5"
"0.605","0.05","2-Apr","0.073","19","25","0.99258","0.55","5"
"0.33","0.42","2-Mar","0.07","9","20","0.99426","0.77","7"
"0.64","0.27","2","0.095","5","77","0.99747","0.62","6"
"0.64","0.27","2","0.095","5","77","0.99747","0.62","6"
"0.48","0.53","4","0.101","3","10","0.99586","0.59","7"
"0.42","0.25","3-Sep","0.104","28","90","0.99784","0.57","5"
"0.53","0.57","2-Apr","0.093","30","52","0.9971","0.76","7"
"0.48","0.53","4","0.101","3","10","0.99586","0.59","7"
"0.23","0.57","1-Aug","0.074","3","8","0.9981","0.7","6"
"0.4","0.5","1-Aug","0.071","7","16","0.99462","0.69","8"
"0.38","0.44","1-Sep","0.098","6","15","0.9956","0.64","6"
"0.29","0.65","2-Apr","0.075","6","17","0.99565","0.63","6"
"0.74","0.09","2","0.067","5","10","0.99418","0.57","6"
"0.61","0.18","2-Apr","0.083","6","20","0.9963","0.6","6"
"0.52","0.08","2-Apr","0.07","13","26","0.99358","0.72","7"
"0.31","0.53","2-Feb","0.06","3","10","0.99572","0.83","7"
"0.31","0.53","2-Feb","0.06","3","10","0.99572","0.83","7"
"0.62","0.35","2-Aug","0.086","28","52","0.997","0.62","5"
"0.33","0.45","1-May","0.057","19","37","0.99498","0.89","7"
"0.77","0.2","8-Jan","0.098","30","92","0.99892","0.58","5"
"0.35","0.26","1-Aug","0.083","33","75","0.9968","0.58","6"
"0.62","0.33","2-Jul","0.088","16","37","0.9972","0.58","6"
"0.77","0.2","8-Jan","0.098","30","92","0.99892","0.58","5"
"0.25","0.34","2","0.071","45","67","0.99769","0.86","7"
"0.32","0.56","2","0.073","3","8","0.99534","0.73","6"
"0.37","0.65","6-Apr","0.08","3","8","0.99817","0.58","5"
"0.37","0.65","6-Apr","0.08","3","8","0.99817","0.58","5"
"0.3","0.68","8-Mar","0.05","37.5","278","0.99316","0.51","7"
"0.27","0.56","1-Apr","0.047","3","8","0.99471","0.51","6"
"0.3","0.68","8-Mar","0.05","37.5","289","0.99316","0.51","7"
"0.38","0.3","1-Aug","0.073","31","70","0.99685","0.59","6"
"0.42","0.45","2-Apr","0.072","32","59","0.99617","0.77","6"
"0.38","0.3","1-Aug","0.073","31","70","0.99685","0.59","6"
"0.48","0.08","1-Aug","0.074","40","64","0.99529","0.49","5"
"0.34","0.4","4-Jul","0.055","3","9","0.99738","0.66","7"
"0.19","0.42","1-Jun","0.057","18","30","0.994","0.69","6"
"0.41","0.54","1-May","0.095","22","41","0.99735","0.76","7"
"0.41","0.54","1-May","0.095","22","41","0.99735","0.76","7"
"0.26","0.54","1-Sep","0.083","42","74","0.99451","0.63","8"
"0.34","0.42","2","0.086","8","19","0.99546","0.6","6"
"0.54","0.09","2","0.081","10","16","0.99479","0.59","6"
"0.31","0.36","2-Feb","0.079","11","31","0.99615","0.86","7"
"0.725","0.09","5-May","0.117","9","17","0.99655","0.49","6"
"0.4","0.47","2-May","0.087","6","20","0.99772","0.5","5"
"0.725","0.09","5-May","0.117","9","17","0.99655","0.49","6"
"0.52","0.38","1-May","0.096","5","18","0.99666","0.52","5"
"0.31","0.45","2-Jan","0.216","5","16","0.99358","0.81","7"
"0.52","0.38","1-May","0.096","5","18","0.99666","0.52","5"
"0.34","0.42","2-Jan","0.072","23","36","0.99392","0.78","6"
"0.49","0.27","2-Jan","0.071","14","25","0.99388","0.63","6"
"0.48","0.09","1-Jul","0.078","18","30","0.99402","0.54","6"
"0.49","0.27","2-Jan","0.071","14","25","0.99388","0.63","6"
"0.48","0.34","2-Feb","0.073","16","25","0.9936","0.66","6"
"0.57","0.28","2-Jan","0.048","13","49","0.99374","0.6","5"
"0.23","0.42","1-Sep","0.069","9","17","0.99376","0.54","6"
"0.3","0.41","2","0.068","10","24","0.99523","0.85","7"
"0.78","0.1","3-Mar","0.09","4","13","0.99855","0.49","5"
"0.47","0.43","2-Jan","0.171","27","66","0.9982","0.76","6"
"0.53","0","1-Apr","0.07","6","14","0.99593","0.64","6"
"0.42","0.27","2","0.092","23","55","0.99471","0.64","7"
"0.33","0.41","1-May","0.056","6","35","0.99396","0.71","6"
"0.24","0.39","1-Jun","0.074","3","10","0.99698","0.59","6"
"0.4","0.5","4-Mar","0.046","29","80","0.9902","0.66","6"
"0.69","0.07","2-May","0.091","15","21","0.99572","0.6","6"
"0.69","0.07","2-May","0.091","15","21","0.99572","0.6","6"
"0.69","0.07","2-May","0.091","15","21","0.99572","0.6","6"
"0.39","0.12","2-Jan","0.065","14","24","0.99252","0.53","6"
"0.66","0","2-May","0.066","7","15","0.99256","0.58","5"
"0.54","0.34","2-May","0.076","8","17","0.99235","0.72","8"
"0.5","0","1-Aug","0.062","21","28","0.99352","0.55","6"
"0.47","0","1-Apr","0.055","27","33","0.9922","0.48","6"
"0.4","0.37","1-Sep","0.081","17","29","0.99674","0.65","6"
"0.58","0","2-Feb","0.096","3","13","0.99557","0.62","4"
"0.24","0.35","1-Jul","0.055","13","27","0.99394","0.59","7"
"0.29","0.26","1-Jul","0.063","3","11","0.9915","0.54","6"
"0.76","0","2-Sep","0.072","26","52","0.99379","0.6","6"
"0.43","0.33","2-Jul","0.095","28","89","0.9984","0.68","5"
"0.43","0.35","3-Mar","0.092","24","70","0.99798","0.69","6"
"0.6","0","1-Sep","0.058","5","10","0.9977","0.63","6"
"0.19","0.21","1-Jul","0.045","57","135","0.99341","0.44","5"
"0.36","0.34","1-Aug","0.075","18","38","0.9933","0.88","7"
"0.48","0.07","5-May","0.089","10","18","0.99684","0.68","7"
"0.28","0.35","1-Jul","0.061","6","15","0.99524","0.74","7"
"0.25","0.43","1-Jul","0.067","22","50","0.9946","0.6","6"
"0.52","0.45","2","0.08","6","13","0.99774","0.76","6"
"0.52","0.45","2","0.08","6","13","0.99774","0.76","6"
"0.41","0.15","3-Jul","0.104","29","94","0.99786","0.58","5"
"0.51","0.24","2","0.079","16","86","0.99764","0.64","6"
"0.4","0.3","1-Jul","0.08","33","79","0.9969","0.65","6"
"0.38","0.32","2-May","0.08","24","71","0.99624","0.85","6"
"0.45","0.11","2-Apr","0.043","6","12","0.99354","0.65","6"
"0.22","0.3","1-Aug","0.065","16","20","0.99672","0.82","6"
"0.32","0.23","2-Mar","0.066","35","70","0.99588","0.62","5"
"0.2","0.43","2-May","0.076","31","51","0.99672","0.81","6"
"0.5","0.12","1-Aug","0.178","6","21","0.996","0.87","6"
"0.41","0.45","6-Feb","0.071","6","14","0.99702","0.49","7"
"0.39","0.42","2","0.086","9","21","0.99526","0.66","6"
"0.35","0.47","2","0.061","6","11","0.99585","0.52","6"
"0.33","0.32","2-Aug","0.067","4","12","0.99473","0.76","7"
"0.58","0.23","2-May","0.044","16","70","0.99352","0.65","6"
"0.6","0.25","2-Feb","0.118","9","38","0.99616","0.53","5"
"0.42","0.35","2-Jan","0.083","17","38","0.99622","0.66","6"
"0.58","0","2-Feb","0.1","50","63","0.99544","0.68","6"
"0.6","0.25","2-Feb","0.118","9","38","0.99616","0.53","5"
"0.18","0.51","Jan-75","0.071","45","88","0.99524","0.76","7"
"0.51","0.18","2-Jan","0.042","16","101","0.9924","0.87","7"
"0.41","0.43","2-Aug","0.076","22","54","0.99572","Jan-16","6"
"0.41","0.43","2-Feb","0.11","11","37","0.99728","0.67","5"
"0.36","0.57","2-Mar","0.087","6","20","0.99676","0.72","7"
"0.45","0.43","1-Apr","0.076","12","21","0.99551","0.75","6"
"0.32","0.42","2-Mar","0.075","12","19","0.99434","0.71","7"
"0.785","0.24","1-Jul","0.078","10","21","0.99692","0.67","5"
"0.785","0.24","1-Jul","0.078","10","21","0.99692","0.67","5"
"0.44","0.5","1-Sep","0.369","15","38","0.99634","1-Jan","5"
"0.54","0.26","2","0.111","7","60","0.99709","0.98","5"
"0.33","0.39","2-May","0.074","29","48","0.99528","0.88","7"
"0.34","0.27","2-Aug","0.067","8","44","0.99384","0.56","6"
"0.5","0.29","2-Mar","0.086","5","14","0.99502","0.62","6"
"0.36","0.34","1-Jun","0.062","5","12","0.99667","0.67","6"
"0.59","0","2-Feb","0.078","26","44","0.99522","0.68","6"
"0.42","0.46","2-Jan","0.074","5","16","0.99649","0.74","6"
"0.36","0.31","1-Jul","0.079","26","65","0.99716","0.62","6"
"0.36","0.31","1-Jul","0.079","26","65","0.99716","0.62","6"
"0.61","0","2-Feb","0.095","48","59","0.99541","0.7","6"
"0.88","0.03","5-Jun","0.079","23","47","0.99572","0.5","4"
"0.66","0","2-Apr","0.052","6","11","0.99318","0.66","7"
"0.915","0","2-Jan","0.041","17","78","0.99346","0.73","5"
"0.35","0.33","2-Apr","0.076","11","47","0.99599","0.81","6"
"0.35","0.33","2-Apr","0.076","11","47","0.99599","0.81","6"
"0.39","0.43","Jan-65","0.068","5","11","0.99478","0.46","5"
"0.4","0.4","2-May","0.068","41","54","0.99754","0.86","6"
"0.66","0.07","1-Jun","0.07","16","61","0.99572","0.6","5"
"0.64","0.23","2-Jan","0.08","11","119","0.99538","0.7","5"
"0.43","0.3","2","0.085","6","39","0.99346","0.46","6"
"0.8","0.03","7-Aug","0.079","6","12","0.9963","0.5","5"
"0.43","0.3","2","0.085","6","39","0.99346","0.46","6"
"0.64","0.23","2-Jan","0.08","11","119","0.99538","0.7","5"
"0.955","0.05","1-Aug","0.075","5","19","0.99616","0.44","4"
"0.4","0.57","4-Jun","0.08","6","20","0.99652","0.57","6"
"0.885","0","2-Mar","0.166","6","12","0.99551","0.51","5"
"0.25","0.37","2-May","0.063","11","41","0.99439","0.8","7"
"0.885","0","2-Mar","0.166","6","12","0.99551","0.51","5"
"0.745","0.12","1-Aug","0.114","15","64","0.99588","0.59","6"
"0.43","0.22","1-Aug","0.078","21","56","0.99633","0.6","6"
"0.58","0.23","2-Mar","0.076","23","94","0.99686","0.58","6"
"0.57","0.21","1-May","0.069","4","9","0.99458","0.54","6"
"0.26","0.26","2","0.052","19","77","0.9951","0.79","6"
"0.58","0.23","2-Mar","0.076","23","94","0.99686","0.58","6"
"0.57","0.21","1-May","0.069","4","9","0.99458","0.54","6"
"0.34","0.36","1-Sep","0.065","5","10","0.99419","0.54","7"
"0.42","0.39","1-Aug","0.068","6","12","0.99516","0.69","8"
"0.74","0.19","5-Aug","0.111","33","76","0.99878","0.55","5"
"0.36","0.46","2-Jan","0.074","24","44","0.99534","0.85","7"
"0.36","0.46","2-Jan","0.074","24","44","0.99534","0.85","7"
"0.36","0.46","2-Jan","0.074","24","44","0.99534","0.85","7"
"0.72","0.55","1-Jul","0.136","24","52","0.99752","0.94","5"
"0.36","0.46","2-Jan","0.074","24","44","0.99534","0.85","7"
"0.39","0.43","2","0.071","14","24","0.99428","0.87","7"
"0.65","0.02","2-Jan","0.078","8","15","0.99498","0.62","6"
"0.44","0.15","2-Jan","0.076","22","53","0.9957","0.62","5"
"0.65","0.02","2-Jan","0.078","8","15","0.99498","0.62","6"
"0.38","0.42","1-Sep","0.071","5","13","0.99659","0.75","6"
"0.33","0.46","1-Sep","0.081","6","9","0.99628","0.48","6"
"0.27","0.46","2-Jan","0.095","20","29","0.99488","0.56","6"
"0.57","0.31","2","0.079","10","79","0.99677","0.69","6"
"0.34","0.37","1-Sep","0.057","43","74","0.99408","0.81","6"
"0.4","0.31","1-Sep","0.082","8","24","0.996","0.69","6"
"0.39","0.4","1-Mar","0.044","25","50","0.99478","0.83","6"
"0.32","0.52","1-Aug","0.132","17","44","0.99734","0.77","6"
"0.32","0.52","1-Aug","0.132","17","44","0.99734","0.77","6"
"0.53","0.22","2-Feb","0.078","33","89","0.99678","0.46","6"
"0.36","0.47","2-Feb","0.074","9","23","0.99638","0.76","6"
"0.39","0.49","2-May","0.08","8","20","0.9992","0.82","6"
"0.46","0.23","2-Jun","0.091","18","77","0.99922","0.51","5"
"0.58","0.03","4-Jan","0.08","27","46","0.99592","0.47","5"
"0.58","0.25","2","0.104","8","21","0.99769","0.72","5"
"0.42","0","1-Aug","0.044","18","88","0.99157","0.73","7"
"0.43","0.29","2-Jan","0.075","19","66","0.99718","0.64","5"
"0.18","0.34","2-Jul","0.066","15","58","0.9947","0.78","6"
"0.815","0.01","2-Jun","0.074","48","90","0.99621","0.62","5"
"0.43","0.29","2-Jan","0.075","19","66","0.99718","0.64","5"
"0.23","0.37","2-Feb","0.057","14","36","0.99614","0.49","4"
"0.75","0.01","2-Feb","0.059","11","18","0.99242","0.4","6"
"0.33","0.32","12-Sep","0.054","6","113","0.99572","0.56","4"
"0.55","0","1-Jul","0.07","7","17","0.99659","0.64","6"
"0.75","0.01","2-Feb","0.059","11","18","0.99242","0.4","6"
"0.73","0","2-May","0.081","12","24","0.99798","0.46","4"
"0.67","0","4-Mar","0.057","11","20","0.99488","0.56","4"
"0.61","0.2","1-Jul","0.076","36","60","0.99494","0.4","5"
"0.37","0.39","2-May","0.079","28","65","0.99729","0.59","5"
"0.4","0.41","2","0.058","15","40","0.99414","0.6","6"
"0.56","0.22","2-Apr","0.082","10","86","0.9983","0.62","5"
"0.29","0.25","13-Apr","0.067","72","160","0.99721","0.54","6"
"0.55","0.19","1-Aug","0.082","15","34","0.99655","0.68","5"
"0.74","0.07","1-Jul","0.086","15","48","0.99502","0.48","5"
"0.55","0.19","1-Aug","0.082","15","34","0.99655","0.68","5"
"0.41","0.33","2-Feb","0.081","22","36","0.9949","0.75","6"
"0.6","0.01","2-Mar","0.079","24","37","0.99514","0.61","6"
"0.6","0.01","2-Mar","0.079","24","37","0.99514","0.61","6"
"0.58","0.14","2-Feb","0.077","27","60","0.9963","0.59","5"
"0.72","0","1-Aug","0.123","6","14","0.99627","0.58","5"
"0.66","0","1-Apr","0.096","6","13","0.99569","0.58","5"
"0.7","0.06","1-Sep","0.079","20","35","0.99628","0.69","5"
"0.64","0.02","2-Apr","0.069","26","46","0.99358","0.45","5"
"0.59","0.22","1-Aug","0.082","43","60","0.99499","0.42","5"
"0.58","0.28","4-Aug","0.085","12","69","0.99633","0.7","6"
"0.64","0","2-Jul","0.123","15","33","0.99538","0.63","6"
"0.64","0","2-Jul","0.123","15","33","0.99538","0.63","6"
"0.635","0.68","1-Aug","0.403","19","56","0.99632","Jan-15","5"
"1-Feb","0","2","0.083","17","24","0.99437","0.55","4"
"0.45","0.38","2-May","0.081","34","66","0.99726","0.58","5"
"0.78","0","2-Feb","0.089","13","26","0.9978","0.46","4"
"0.37","0.32","1-Aug","0.066","26","51","0.99456","0.72","6"
"0.57","0.05","2-Mar","0.081","16","36","0.99564","0.6","6"
"0.57","0.05","2-Mar","0.081","16","36","0.99564","0.6","6"
"0.43","0.5","2-Mar","0.068","13","19","0.996","0.87","6"
"0.41","0.31","2","0.079","21","51","0.99668","0.55","6"
"0.49","0.03","1-Aug","0.044","28","87","0.9908","0.82","8"
"0.38","0.01","1-Jun","0.048","26","60","0.99084","0.75","6"
"0.44","0.2","1-Jun","0.049","24","64","0.9935","0.57","6"
"0.46","0","1-Sep","0.077","25","44","0.99385","0.53","5"
"0.58","0.2","2","0.073","34","44","0.99494","0.43","5"
"0.58","0.13","2-Jan","0.102","17","36","0.9944","0.53","6"
"0.715","0.22","2-Mar","0.075","13","81","0.99688","0.54","6"
"0.4","0.4","6-Mar","0.05","3","10","0.99566","0.56","4"
"0.69","0","1-Sep","0.114","3","10","0.99636","0.6","6"
"0.715","0.22","2-Mar","0.075","13","81","0.99688","0.54","6"
"0.3","0.39","1-Jul","0.062","3","9","0.9948","0.57","7"
"0.46","0.2","1-Sep","0.077","28","54","0.9956","0.64","6"
"0.46","0.2","1-Sep","0.077","28","54","0.9956","0.64","6"
"0.765","0","2","0.084","9","22","0.99619","0.68","6"
"0.63","0.28","2-Jul","0.096","17","69","0.99734","0.63","6"
"0.42","0.19","2-Mar","0.071","18","36","0.99476","0.56","5"
"0.37","0.5","1-Aug","0.09","20","47","0.99734","0.57","5"
"0.16","0.44","2-May","0.068","17","31","0.99328","0.54","6"
"0.6","0.08","2-Jun","0.056","3","7","0.99286","0.37","5"
"0.6","0.3","4-May","0.068","20","110","0.99914","Jan-17","5"
"0.6","0.3","4-May","0.068","20","110","0.99914","Jan-17","5"
"0.74","0","1-Sep","0.1","6","12","0.99521","0.59","5"
"0.635","0.1","2-Jan","0.073","25","60","0.99638","0.75","6"
"0.395","0.13","2-Apr","0.056","14","28","0.99362","0.67","6"
"0.755","0","1-Sep","0.084","6","12","0.99672","0.49","4"
"0.635","0.1","2-Jan","0.073","25","60","0.99638","0.75","6"
"0.63","0","4-Mar","0.093","51","77.5","0.99558","0.45","5"
"0.63","0","4-Mar","0.093","51","77.5","0.99558","0.45","5"
"0.53","0.14","2-Jan","0.064","15","29","0.99323","0.61","6"
"0.6","0","1-Apr","0.063","11","18","0.99191","0.56","6"
"Jan-58","0","2-Jan","0.137","5","9","0.99476","0.4","3"
"0.645","0","Feb-15","0.08","15","28","0.99444","0.61","6"
"0.86","0.07","2","0.1","20","57","0.99598","0.74","6"
"0.37","0.32","2-Jan","0.064","4","15","0.99576","0.8","6"
"0.28","0.44","1-Aug","0.081","28","68","0.99501","0.66","5"
"0.79","0.21","2-Mar","0.087","21","68","0.9955","0.44","5"
"0.61","0.26","1-Sep","0.073","24","88","0.99612","0.53","5"
"0.69","0.32","2-May","0.088","22","91","0.9979","0.62","5"
"0.68","0.09","3-Sep","0.068","15","29","0.99524","0.52","4"
"0.69","0.32","2-May","0.088","22","91","0.9979","0.62","5"
"0.62","0.1","1-Apr","0.071","27","63","0.996","0.61","5"
"0.61","0.26","1-Sep","0.073","24","88","0.99612","0.53","5"
"0.51","0.15","3","0.064","12","27","0.9929","0.59","6"
"Jan-18","0.21","1-Sep","0.083","14","41","0.99532","0.47","5"
"0.36","0.21","2-Mar","0.086","20","65","0.99558","0.54","6"
"0.36","0.21","2-Apr","0.086","24","69","0.99556","0.53","6"
"0.63","0.27","2","0.083","17","91","0.99616","0.58","6"
"0.74","0","1-Feb","0.041","16","46","0.99258","0.59","6"
"0.44","0.46","2-Feb","0.091","10","41","0.99638","0.69","6"
"0.63","0.27","2","0.083","17","91","0.99616","0.58","6"
"0.76","0.68","1-Jul","0.414","18","64","0.99652","Jan-33","6"
"0.66","0.34","2-Jun","0.094","12","88","0.99796","0.66","5"
"0.74","0","1-Feb","0.041","16","46","0.99258","0.59","6"
"0.34","0.42","1-Aug","0.058","9","18","0.99392","0.55","5"
"0.36","0.39","1-Aug","0.06","21","55","0.99495","0.82","7"
"0.46","0.24","1-Jul","0.077","18","34","0.9948","0.6","6"
"0.46","0.24","1-Jul","0.077","18","34","0.9948","0.6","6"
"0.46","0.24","1-Jul","0.077","18","34","0.9948","0.6","6"
"0.46","0.24","1-Jul","0.077","18","34","0.9948","0.6","6"
"0.52","0.11","1-Aug","0.073","13","38","0.9955","0.52","5"
"0.6","0.26","2-Jan","0.083","17","91","0.99616","0.56","6"
"0.6","0.26","2-Jan","0.083","17","91","0.99616","0.56","6"
"0.87","0.26","3-Aug","0.107","31","67","0.99668","0.46","5"
"0.39","0.1","1-Jul","0.075","6","25","0.99581","0.43","6"
"0.775","0.22","2-Feb","0.079","12","48","0.9976","0.51","5"
"0.835","0","2","0.166","4","11","0.99608","0.52","5"
"0.58","0.02","2-Apr","0.069","19","40","0.99387","0.66","6"
"0.5","0","1-Apr","0.057","15","26","0.99448","0.45","5"
"0.5","0","1-Apr","0.057","15","26","0.99448","0.45","5"
"0.5","0","1-Apr","0.057","15","26","0.99448","0.45","5"
"0.51","0.02","1-Jul","0.084","13","31","0.99538","0.54","6"
"0.51","0.02","1-Jul","0.084","13","31","0.99538","0.54","6"
"0.51","0.02","1-Jul","0.084","13","31","0.99538","0.54","6"
"0.54","0.02","1-Jul","0.085","17","31","0.99589","0.51","6"
"0.51","0.02","1-Jul","0.084","13","31","0.99538","0.54","6"
"0.42","0.48","2-Jun","0.077","8","20","0.99852","0.53","5"
"0.44","0.24","2-Mar","0.063","10","28","0.99613","0.53","6"
"0.59","0.01","2-Jan","0.056","5","13","0.99472","0.56","5"
"0.655","0.03","1-Aug","0.078","7","12","0.99587","0.39","5"
"0.655","0.03","1-Aug","0.078","7","12","0.99587","0.39","5"
"0.57","0","2-Aug","0.081","21","41","0.99518","0.52","5"
"0.6","0.29","2","0.069","32","73","0.99654","0.57","5"
"0.62","0.01","2-Mar","0.065","8","46","0.99332","0.51","6"
"0.645","0.03","1-Sep","0.086","14","57","0.9969","0.46","5"
"0.645","0.03","1-Sep","0.086","14","57","0.9969","0.46","5"
"0.58","0.03","2-Mar","0.077","7","28","0.99568","0.52","5"
"0.32","0.25","1-Aug","0.086","5","32","0.99464","0.44","5"
"0.34","0.25","1-Aug","0.084","4","28","0.99464","0.44","5"
"0.43","0.24","2-May","0.078","27","67","0.99648","0.59","6"
"0.64","0.17","5-Apr","0.168","52","98","0.99736","0.5","5"
"0.475","0.4","1-Apr","0.091","6","28","0.99704","0.65","6"
"0.54","0.31","2-Mar","0.112","11","38","0.99699","0.56","5"
"0.85","0.14","2-May","0.093","13","54","0.99724","0.54","5"
"0.475","0.4","1-Apr","0.091","6","28","0.99704","0.65","6"
"0.83","0.27","2","0.08","11","63","0.99652","0.48","4"
"0.605","0.02","1-Sep","0.096","10","31","0.995","0.53","6"
"0.5","0.09","2-Feb","0.115","10","42","0.9971","0.62","5"
"0.74","0.08","1-Jul","0.094","10","45","0.99576","0.5","5"
"0.54","0.3","2-Feb","0.088","9","105","0.99725","Jan-18","6"
"0.77","0.32","2-Jan","0.079","16","74","0.99656","0.5","6"
"0.61","0","1-Jun","0.069","4","8","0.99396","0.37","4"
"0.78","0.51","1-Jul","0.415","12","66","0.99623","Jan-17","5"
"0.58","0.56","3-Jan","0.153","5","14","0.99476","1-Mar","6"
"0.78","0.51","1-Jul","0.415","12","66","0.99623","Jan-17","5"
"0.75","0.27","3-Aug","0.11","34","89","0.99664","0.45","5"
"0.815","0","1-Feb","0.267","16","29","0.99471","0.51","3"
"0.56","0.26","2","0.083","13","100","0.99586","0.52","5"
"0.885","0.2","1-Apr","0.086","7","31","0.9946","0.46","5"
"0.49","0.26","2-Mar","0.09","23","74","0.9953","0.62","6"
"0.45","0.15","2","0.078","10","28","0.99609","0.51","6"
"0.57","0.02","2-Jun","0.077","11","35","0.99557","0.62","6"
"0.57","0.02","2-Jun","0.077","11","35","0.99557","0.62","6"
"0.83","0.09","1-Aug","0.074","4","25","0.99534","0.45","5"
"0.6","0.22","2-Jan","0.08","25","105","0.99613","0.49","5"
"0.6","0.22","2-Jan","0.08","25","105","0.99613","0.49","5"
"0.755","0.15","1-Aug","0.107","20","84","0.99593","0.5","5"
"0.81","0.25","3-Apr","0.076","34","85","0.99668","0.42","5"
"0.64","0.07","1-Aug","0.1","8","23","0.9961","0.58","5"
"0.64","0.07","1-Aug","0.1","8","23","0.9961","0.58","5"
"0.64","0.31","6-Jan","0.083","7","49","0.99718","0.68","5"
"0.48","0.02","2-Feb","0.08","36","111","0.99524","0.53","5"
"0.49","0","2-Mar","0.068","15","33","0.99292","0.59","6"
"0.64","0.22","2-Apr","0.094","5","33","0.99612","0.58","5"
"0.62","0.06","1-Mar","0.07","5","12","0.9942","0.48","5"
"0.52","0.25","2","0.078","19","59","0.99612","0.48","5"
"0.57","0.14","3-Sep","0.07","27","73","0.99669","0.48","5"
"0.685","0.1","1-Jun","0.092","3","12","0.99745","0.65","6"
"0.675","0.1","1-Jun","0.09","4","11","0.99745","0.65","5"
"0.59","0.26","2","0.08","17","104","0.99584","0.52","5"
"0.6","0.12","2-Feb","0.083","13","28","0.9966","0.62","7"
"0.67","0","2-Feb","0.068","10","24","0.9956","0.72","6"
"0.69","0.21","2-Jan","0.08","33","141","0.9962","0.51","5"
"0.69","0.21","2-Jan","0.08","33","141","0.9962","0.51","5"
"0.3","0.42","2","0.052","6","24","0.9963","0.82","6"
"0.33","0.33","1-Jul","0.061","3","13","0.996","1-Jan","8"
"0.5","0.39","2-Jun","0.082","12","46","0.9985","0.62","6"
"0.28","0.3","2","0.062","18","34","0.9952","0.9","7"
"0.24","0.34","5-Jan","0.062","8","22","0.9974","0.94","6"
"0.51","0","2-Jan","0.064","40","54","0.995","0.93","6"
"0.29","0.36","2-Feb","0.048","35","53","0.995","1-Jan","7"
"0.51","0","2-Jan","0.064","40","54","0.995","0.93","6"
"0.96","0","1-Aug","0.082","5","16","0.9936","0.44","6"
"0.47","0.4","2-Apr","0.071","8","19","0.9963","0.73","6"
"0.24","0.34","5-Jan","0.062","8","22","0.9974","0.94","6"
"0.57","0.25","2","0.104","12","89","0.9963","0.9","5"
"0.32","0.59","2-Feb","0.077","3","15","0.9994","0.78","5"
"0.58","0","1-Jun","0.065","8","18","0.9966","0.84","5"
"0.32","0.59","2-Feb","0.077","3","15","0.9994","0.78","5"
"0.34","0.33","2-May","0.064","21","37","0.9952","0.77","7"
"0.53","0.01","1-Jun","0.077","3","19","0.995","0.46","5"
"0.64","0.21","2-Feb","0.077","32","133","0.9956","0.45","5"
"0.53","0.01","1-Jun","0.077","3","19","0.995","0.46","5"
"0.4","0.18","1-Jun","0.079","24","58","0.9965","0.58","5"
"0.54","0","2-Jan","0.079","39","55","0.9956","0.84","6"
"0.53","0.09","3-Sep","0.123","14","31","0.9968","0.67","4"
"0.26","0.37","1-Apr","0.076","8","23","0.9974","0.7","6"
"0.26","0.37","1-Apr","0.076","8","23","0.9974","0.7","6"
"0.23","0.37","1-Aug","0.046","23","60","0.9971","0.71","6"
"0.41","0.33","2-May","0.078","6","23","0.9957","0.58","5"
"0.64","0","1-Sep","0.072","27","55","0.9962","0.63","5"
"0.18","0.4","2-Feb","0.049","38","67","0.996","0.93","5"
"0.41","0.24","1-Aug","0.066","18","47","0.9956","0.62","5"
"0.43","0.31","2-Jan","0.069","13","74","0.9958","0.54","6"
"0.44","0","1-Jun","0.042","3","11","0.9944","0.85","6"
"0.4","0.16","1-Aug","0.069","11","25","0.9955","0.74","7"
"0.54","0.37","15-Apr","0.214","55","95","100,369","0.77","6"
"0.54","0.37","15-Apr","0.214","55","95","100,369","0.77","6"
"0.38","0.38","1-Jun","0.169","27","90","0.99914","0.65","5"
"0.915","0.29","4-Aug","0.07","15","39","0.99577","0.54","5"
"0.59","0","1-Jul","0.052","3","8","0.996","0.47","5"
"0.67","0.02","2-Feb","0.072","31","92","0.99566","0.68","6"
"0.37","0.32","2","0.062","15","28","0.9947","0.73","7"
"0.785","0.19","5-Feb","0.094","19","98","0.99713","0.52","6"
"0.63","0.02","1-Sep","0.078","18","30","0.99712","0.75","5"
"0.58","0.2","Jan-75","0.058","8","22","0.99322","0.49","5"
"0.67","0.02","2-Feb","0.072","31","92","0.99566","0.68","6"
"0.785","0.19","5-Feb","0.094","19","98","0.99713","0.52","6"
"0.63","0.02","1-Sep","0.078","18","30","0.99712","0.75","5"
"0.67","0","1-Sep","0.08","22","39","0.99701","0.74","5"
"0.58","0.01","1-Sep","0.08","40","54","0.99683","0.73","5"
"0.38","0.31","2","0.056","15","29","0.99472","0.76","8"
"0.37","0.32","2","0.062","15","28","0.9947","0.73","7"
"0.32","0.44","2-Jul","0.104","8","17","0.99732","0.78","7"
"0.58","0.02","2","0.062","37","53","0.99374","0.76","7"
"0.49","0.33","1-Sep","0.074","27","85","0.99706","0.58","5"
"0.45","0.63","2-Feb","0.073","7","23","0.99974","0.69","6"
"0.9","0","1-Jun","0.052","9","17","0.99467","0.63","6"
"0.54","0.06","1-Aug","0.05","38","89","0.99236","0.5","6"
"0.49","0.33","1-Sep","0.074","27","85","0.99706","0.58","5"
"0.29","0.4","1-Jul","0.067","8","20","0.99603","0.6","5"
"0.2","0.35","1-Jul","0.054","7","15","0.99458","0.8","7"
"0.42","0.09","2-Mar","0.054","34","64","0.99724","0.68","6"
"0.785","0","2-Jan","0.06","6","13","0.99664","0.61","4"
"0.64","0.03","2-Mar","0.075","14","31","0.99545","0.58","6"
"0.63","0.01","2-Apr","0.076","14","39","0.99522","0.53","6"
"0.59","0.1","1-Jul","0.063","34","53","0.9958","0.67","5"
"0.59","0.1","1-Jul","0.063","34","53","0.9958","0.67","5"
"0.48","0.32","2-Jan","0.062","31","54","0.99728","0.65","7"
"1-Apr","0.08","2-Mar","0.067","19","32","0.99648","0.57","4"
"0.48","0.32","2-Jan","0.062","31","54","0.99728","0.65","7"
"0.98","0.05","2-Jan","0.061","20","49","0.99705","0.55","3"
"0.69","0.11","1-Apr","0.084","8","24","0.99578","0.47","5"
"0.7","0.08","Mar-75","0.067","8","16","0.99334","0.52","5"
"0.35","0.6","2-Jun","0.073","23","44","0.99656","0.79","6"
"0.6","0.08","1-Aug","0.071","14","45","0.99336","0.54","5"
"0.5","0.5","13-Aug","0.205","48","82","100,242","0.75","5"
"0.47","0.11","2-Feb","0.048","16","89","0.99182","0.88","7"
"0.5","0.5","13-Aug","0.205","48","82","100,242","0.75","5"
"0.47","0.11","2-Feb","0.048","16","89","0.99182","0.88","7"
"0.875","0.05","5-Jul","0.082","3","14","0.99808","0.52","3"
"0.28","0.6","3","0.104","10","22","0.99828","0.68","5"
"0.62","0.03","1-May","0.08","6","13","0.99498","0.62","4"
"0.28","0.6","3","0.104","10","22","0.99828","0.68","5"
"0.58","0.54","2-Jan","0.114","3","9","0.99719","0.57","4"
"0.33","0.44","1-May","0.042","6","12","0.99542","0.61","5"
"0.91","0.06","2","0.06","4","11","0.99592","0.64","4"
"0.655","0.16","2-Jan","0.074","8","25","0.99606","0.55","5"
"0.68","0.21","2-Jan","0.07","9","23","0.99546","0.6","5"
"0.64","0.05","1-Sep","0.066","9","17","0.99496","0.78","5"
"0.54","0.04","1-Jul","0.049","5","13","0.9942","0.58","5"
"0.57","0.1","2-Jan","0.048","4","11","0.99448","0.76","6"
"0.22","0.49","1-Aug","0.039","8","18","0.99344","0.56","6"
"0.54","0.04","1-Jul","0.049","5","13","0.9942","0.58","5"
"0.65","0.06","1-Jun","0.05","6","18","0.99348","0.54","5"
"0.54","0.26","1-Sep","0.089","23","147","0.99636","0.59","5"
"0.31","0.09","1-Apr","0.066","15","28","0.99459","0.7","7"
"0.43","0.02","1-Sep","0.08","15","28","0.99492","0.81","6"
"0.54","0.26","1-Sep","0.089","23","147","0.99636","0.59","5"
"0.74","0.03","2-Mar","0.054","7","16","0.99508","0.63","6"
"0.895","0.04","2-Mar","0.068","7","13","0.99582","0.58","6"
"0.74","0.03","2-Mar","0.054","7","16","0.99508","0.63","6"
"0.725","0.04","1-May","0.076","8","15","0.99508","0.53","5"
"0.82","0.29","4-Mar","0.083","21","64","0.99642","0.53","5"
"0.585","0.18","2-Apr","0.078","15","60","0.99638","0.54","5"
"0.44","0.39","2-May","0.077","6","14","0.99555","0.69","6"
"0.38","0.57","2-Mar","0.106","5","12","0.99605","0.55","6"
"0.76","0.02","1-Aug","0.078","6","12","0.996","0.63","3"
"0.81","0.05","2","0.07","6","14","0.99562","0.66","6"
"0.38","0.57","2-Mar","0.106","5","12","0.99605","0.55","6"
"0.27","0.6","2-Jan","0.074","17","25","0.99814","0.72","6"
"0.18","0.4","1-Aug","0.062","7","20","0.9941","0.7","5"
"0.36","0.21","2-Feb","0.047","26","48","0.99661","0.77","6"
"0.69","0.04","2-Jan","0.068","19","27","0.99712","0.67","5"
"0.79","0.04","2-Feb","0.061","11","17","0.99588","0.65","6"
"0.56","0.15","1-Aug","0.078","17","65","0.99294","0.6","6"
"0.84","0.21","4-Jan","0.074","16","65","0.99842","0.72","6"
"0.84","0.21","4-Jan","0.074","16","65","0.99842","0.72","6"
"0.32","0.25","2-Mar","0.071","23","58","0.99633","0.97","5"
"0.53","0.06","2","0.063","29","44","0.99489","0.83","6"
"0.47","0.46","2-Feb","0.114","7","20","0.99647","0.63","5"
"0.7","0.08","2-Jun","0.106","14","27","0.99665","0.58","5"
"0.53","0.06","2","0.063","29","44","0.99489","0.83","6"
"0.48","0.2","1-Sep","0.082","9","23","0.99585","0.43","4"
"0.32","0.25","2-Mar","0.071","23","58","0.99633","0.97","5"
"0.48","0.25","2","0.076","29","61","0.9953","0.6","5"
"0.42","0.19","2","0.075","22","47","0.99522","0.78","6"
"0.48","0.08","2-Jan","0.064","18","34","0.99552","0.64","5"
"0.47","0.08","2-Feb","0.064","18","38","0.99553","0.65","6"
"0.53","0.07","1-Jul","0.071","15","24","0.9951","0.66","6"
"0.29","0.49","2-Feb","0.096","21","59","0.99714","0.67","6"
"0.69","0.08","2-Jan","0.063","42","52","0.99608","0.6","6"
"0.44","0.09","2-Feb","0.063","9","18","0.99444","0.69","6"
"0.705","0.1","2-Aug","0.081","13","28","0.99631","0.66","5"
"0.53","0.13","2","0.058","18","22","0.99573","0.68","6"
"0.39","0.3","1-Sep","0.074","32","84","0.99717","0.61","5"
"0.56","0.14","2-Apr","0.064","13","29","0.99397","0.62","7"
"0.55","0.13","2-Feb","0.075","15","35","0.9959","0.59","6"
"0.53","0.08","1-Sep","0.077","24","45","0.99528","0.68","6"
"0.58","0.08","1-Sep","0.059","20","31","0.99484","0.64","6"
"0.64","0.09","2-May","0.081","15","26","0.99538","0.63","5"
"0.39","0.32","1-Aug","0.065","34","60","0.99714","0.78","5"
"0.52","0.08","4-Apr","0.071","11","32","0.99646","0.63","6"
"0.25","0.29","2-Feb","0.054","19","49","0.99666","0.76","7"
"0.855","0.02","1-Sep","0.064","29","38","0.99472","0.56","6"
"0.44","0.42","2-Feb","0.064","14","19","0.99758","0.57","6"
"0.37","0.43","2-Mar","0.063","12","19","0.9955","0.81","7"
"0.63","0.33","1-Aug","0.059","16","28","0.99531","0.64","6"
"0.57","0.02","2","0.072","17","26","0.99575","0.61","5"
"0.6","0.1","1-Jun","0.048","12","26","0.99306","0.51","5"
"0.4","0.5","2","0.099","19","50","0.99783","0.58","5"
"0.36","0.3","1-Aug","0.074","17","24","0.99419","0.7","8"
"0.68","0","2-Mar","0.087","17","26","0.99783","0.53","5"
"0.67","0","2-Mar","0.083","18","27","0.99768","0.54","5"
"0.68","0.01","3-Jul","0.103","32","54","0.99586","0.66","6"
"0.735","0","2-Feb","0.08","18","28","0.99765","0.6","5"
"0.855","0.02","2-Apr","0.062","15","23","0.99627","0.6","6"
"0.56","0.17","1-Jul","0.065","15","24","0.99514","0.68","7"
"0.88","0.04","2-Feb","0.066","12","20","0.99636","0.56","5"
"0.855","0.02","2-Apr","0.062","15","23","0.99627","0.6","6"
"0.63","0.33","6-Jul","0.235","66","115","0.99787","0.56","5"
"0.6","0.26","2","0.08","31","131","0.99622","0.52","5"
"0.6","0.26","2","0.08","31","131","0.99622","0.52","5"
"0.6","0.26","2","0.08","31","131","0.99622","0.52","5"
"0.695","0.13","2","0.076","12","20","0.99546","0.54","5"
"0.695","0.13","2","0.076","12","20","0.99546","0.54","5"
"0.695","0.13","2","0.076","12","20","0.99546","0.54","5"
"0.67","0.02","1-Sep","0.061","26","42","0.99489","0.82","6"
"0.16","0.64","2-Jan","0.059","24","52","0.99494","0.71","6"
"0.695","0.13","2","0.076","12","20","0.99546","0.54","5"
"0.56","0.13","1-Jun","0.077","25","42","0.99629","0.59","5"
"0.51","0.14","1-Sep","0.056","15","34","0.99396","0.57","6"
"0.36","0.53","2-Feb","0.23","19","35","0.9934","0.93","6"
"0.38","0.14","2-Feb","0.038","15","25","0.99514","0.65","6"
"0.69","0.32","2-Feb","0.069","35","104","0.99632","0.51","5"
"0.58","0.2","2-Apr","0.075","15","50","0.99467","0.67","6"
"0.31","0.78","13-Sep","0.074","23","92","0.99677","0.48","6"
"0.52","0.4","2-Feb","0.06","12","20","0.99474","0.64","6"
"0.3","0.63","1-Jun","0.081","16","29","0.99588","0.78","6"
"0.7","0.15","5-Jan","0.076","13","27","0.99622","0.6","6"
"0.67","0.15","1-Aug","0.118","13","20","0.9954","0.67","6"
"0.56","0.09","1-Jul","0.053","24","32","0.99402","0.6","5"
"0.35","0.33","2-Apr","0.068","9","26","0.9947","0.6","6"
"0.56","0.09","1-Jul","0.053","24","32","0.99402","0.6","5"
"0.715","0.1","2-Jun","0.053","13","27","0.99362","0.5","5"
"0.46","0.29","2-Jan","0.074","32","98","0.99578","0.62","5"
"0.32","0.44","2-Apr","0.061","24","34","0.99484","0.8","7"
"0.39","0.44","2-Jun","0.066","22","48","0.99494","0.84","6"
"0.31","0.41","2-Apr","0.065","34","60","0.99492","0.85","6"
"0.61","0.11","1-Aug","0.066","18","28","0.99483","0.66","6"
"0.66","0.33","2-May","0.068","34","102","0.99414","0.78","6"
"0.725","0.2","7-Aug","0.073","29","79","0.9977","0.54","5"
"0.55","0.15","1-Aug","0.077","26","35","0.99314","0.82","6"
"0.74","0.09","1-Jul","0.089","16","26","0.99402","0.56","6"
"0.51","0.13","2-Mar","0.076","29","40","0.99574","0.75","6"
"0.62","0.08","1-Sep","0.068","28","38","0.99651","0.82","6"
"0.6","0.08","2","0.09","32","44","0.9949","0.58","5"
"0.55","0.1","2-Feb","0.062","39","51","0.99512","0.76","6"
"0.51","0.13","2-Mar","0.076","29","40","0.99574","0.75","6"
"0.645","0.12","2","0.075","32","44","0.99547","0.71","5"
"0.31","0.47","3-Jun","0.067","18","42","0.99549","0.66","6"
