ISO3,VACCINE_NAME,PRODUCT_NAME,COMPANY_NAME,AUTHORIZATION_DATE,START_DATE,END_DATE,COMMENT,DATA_SOURCE
NLD,Janssen - Ad26.COV 2.5,Ad26.COV 2.5,Janssen Pharmaceuticals,,2020-12-23,,,REPORTING
SVN,Moderna - mRNA-1273,mRNA-1273,Moderna,,2021-01-20,,,REPORTING
MYS,Sinovac - CoronaVac,Coronavac,Sinovac,2021-03-02,2021-03-18,,,REPORTING
PRT,Pfizer BioNTech - Comirnaty,Comirnaty,Pfizer BioNTech,,2020-12-23,,,REPORTING
TKM,AstraZeneca - AZD1222,AZD1222,AstraZeneca,,2021-03-31,,,REPORTING
MDA,Gamaleya - Sputnik V,Sputnik V,Gamaleya Research Institute,,2021-04-28,,,REPORTING
NGA,SII - Covishield,Covishield,Serum Institute of India,2021-03-04,2021-03-05,,,REPORTING
MDV,Pfizer BioNTech - Comirnaty,Comirnaty,Pfizer BioNTech,2021-03-14,2021-04-13,,,REPORTING
FLK,AstraZeneca - AZD1222,AZD1222,AstraZeneca,,,,,OWID
ECU,Pfizer BioNTech - Comirnaty,Comirnaty,Pfizer BioNTech,,2021-01-21,,,REPORTING
VCT,Gamaleya - Sputnik V,Sputnik V,Gamaleya Research Institute,,2021-02-01,,,REPORTING
BGR,Moderna - mRNA-1273,mRNA-1273,Moderna,,2020-12-30,,,REPORTING
CMR,SII - Covishield,Covishield,Serum Institute of India,2021-03-04,2021-04-12,,,REPORTING
HUN,Janssen - Ad26.COV 2.5,Ad26.COV 2.5,Janssen Pharmaceuticals,,2021-04-14,,,REPORTING
NOR,Pfizer BioNTech - Comirnaty,Comirnaty,Pfizer BioNTech,,2021-03-31,,,REPORTING
JPN,Pfizer BioNTech - Comirnaty,Comirnaty,Pfizer BioNTech,2021-02-14,2021-02-17,,,REPORTING
KOR,Novavax - Covavax,Covavax,Novavax,,,,,REPORTING
CYP,Janssen - Ad26.COV 2.5,Ad26.COV 2.5,Janssen Pharmaceuticals,,2021-04-21,,,REPORTING
LUX,Pfizer BioNTech - Comirnaty,Comirnaty,Pfizer BioNTech,,2020-12-23,,,REPORTING
LVA,AstraZeneca - AZD1222,AZD1222,AstraZeneca,,2021-02-03,,,REPORTING
YEM,SII - Covishield,Covishield,Serum Institute of India,2021-02-27,2021-04-20,,,REPORTING
PSE,Pfizer BioNTech - Comirnaty,Comirnaty,Pfizer BioNTech,,,,,REPORTING
IND,Bharat - Covaxin,Covaxin,Bharat Biotech,2021-01-03,2021-01-16,,,REPORTING
FRO,Moderna - mRNA-1273,mRNA-1273,Moderna,,,,,OWID
FRO,Pfizer BioNTech - Comirnaty,Comirnaty,Pfizer BioNTech,,,,,OWID
ARG,Gamaleya - Sputnik V,Sputnik V,Gamaleya Research Institute,,2020-12-29,,,REPORTING
JOR,Gamaleya - Sputnik V,Sputnik V,Gamaleya Research Institute,,,,,REPORTING
MEX,Sinovac - CoronaVac,Coronavac,Sinovac,,,,,REPORTING
SWE,Pfizer BioNTech - Comirnaty,Comirnaty,Pfizer BioNTech,,2020-12-23,,,REPORTING
FSM,AstraZeneca - AZD1222,AZD1222,AstraZeneca,,,,,REPORTING
GIN,Gamaleya - Sputnik V,Sputnik V,Gamaleya Research Institute,2021-01-27,2021-03-05,,,REPORTING
BLZ,SII - Covishield,Covishield,Serum Institute of India,,2021-03-01,,,REPORTING
SXM,Moderna - mRNA-1273,mRNA-1273,Moderna,,,,,REPORTING
EGY,AstraZeneca - AZD1222,AZD1222,AstraZeneca,2020-12-30,2021-01-24,,,REPORTING
KNA,AstraZeneca - AZD1222,AZD1222,AstraZeneca,,,,,REPORTING
RWA,Moderna - mRNA-1273,mRNA-1273,Moderna,,2021-02-14,,,REPORTING
WLF,Moderna - mRNA-1273,mRNA-1273,Moderna,2021-01-06,2021-03-19,,,REPORTING
BRA,Pfizer BioNTech - Comirnaty,Comirnaty,Pfizer BioNTech,,,,,REPORTING
COD,SII - Covishield,Covishield,Serum Institute of India,2021-02-26,2021-04-19,,,REPORTING
TKM,Beijing CNBG - Inactivated,Inactivated SARS-CoV-2 vaccine,Beijing Institute of Biological Products (CNBG),,2021-03-31,,,REPORTING
TUR,Sinovac - CoronaVac,Coronavac,Sinovac,,,,,OWID
CPV,SII - Covishield,Covishield,Serum Institute of India,2021-02-25,2021-03-18,,,REPORTING
GBR,AstraZeneca - AZD1222,AZD1222,AstraZeneca,,2021-02-08,,,REPORTING
BHR,Pfizer BioNTech - Comirnaty,Comirnaty,Pfizer BioNTech,,,,,REPORTING
OMN,Pfizer BioNTech - Comirnaty,Comirnaty,Pfizer BioNTech,,,,,REPORTING
ARE,Beijing CNBG - Inactivated,Inactivated SARS-CoV-2 vaccine,Beijing Institute of Biological Products (CNBG),,,,,REPORTING
MNG,Beijing CNBG - Inactivated,Inactivated SARS-CoV-2 vaccine,Beijing Institute of Biological Products (CNBG),2021-01-10,2021-03-10,,,REPORTING
LTU,Janssen - Ad26.COV 2.5,Ad26.COV 2.5,Janssen Pharmaceuticals,,2021-04-28,,,REPORTING
MNG,Moderna - mRNA-1273,mRNA-1273,Moderna,2021-01-10,,,,REPORTING
FIN,AstraZeneca - AZD1222,AZD1222,AstraZeneca,,2020-12-23,,,REPORTING
SAU,Pfizer BioNTech - Comirnaty,Comirnaty,Pfizer BioNTech,,,,,REPORTING
BHS,AstraZeneca - AZD1222,AZD1222,AstraZeneca,,,,,REPORTING
LBN,AstraZeneca - AZD1222,AZD1222,AstraZeneca,2021-12-16,2021-02-14,,,REPORTING
LCA,SII - Covishield,Covishield,Serum Institute of India,,2021-02-17,,,REPORTING
LIE,Moderna - mRNA-1273,mRNA-1273,Moderna,,2021-02-10,,,REPORTING
DEU,Moderna - mRNA-1273,mRNA-1273,Moderna,,2021-01-13,,,REPORTING
BEL,Janssen - Ad26.COV 2.5,Ad26.COV 2.5,Janssen Pharmaceuticals,,2021-04-14,,,REPORTING
SXM,Pfizer BioNTech - Comirnaty,Comirnaty,Pfizer BioNTech,,2021-02-22,,,REPORTING
IRQ,Beijing CNBG - Inactivated,Inactivated SARS-CoV-2 vaccine,Beijing Institute of Biological Products (CNBG),,,,,REPORTING
BWA,SII - Covishield,Covishield,Serum Institute of India,,2021-03-26,,,REPORTING
SYR,SII - Covishield,Covishield,Serum Institute of India,2021-02-03,,,,REPORTING
PSE,AstraZeneca - AZD1222,AZD1222,AstraZeneca,2021-01-25,2021-02-02,,,REPORTING
BTN,SII - Covishield,Covishield,Serum Institute of India,2021-01-21,2021-03-27,,,REPORTING
TON,AstraZeneca - AZD1222,AZD1222,AstraZeneca,2021-02-22,2021-04-14,,,REPORTING
HUN,Gamaleya - Sputnik V,Sputnik V,Gamaleya Research Institute,,2021-02-03,,,REPORTING
FRA,AstraZeneca - AZD1222,AZD1222,AstraZeneca,,2020-12-23,,,REPORTING
BGR,Janssen - Ad26.COV 2.5,Ad26.COV 2.5,Janssen Pharmaceuticals,,2021-04-14,,,REPORTING
MAR,Beijing CNBG - Inactivated,Inactivated SARS-CoV-2 vaccine,Beijing Institute of Biological Products (CNBG),,,,,REPORTING
AUS,Pfizer BioNTech - Comirnaty,Comirnaty,Pfizer BioNTech,2021-01-25,2021-02-22,,,REPORTING
SDN,SII - Covishield,Covishield,Serum Institute of India,2021-02-20,2021-03-09,,,REPORTING
BOL,Beijing CNBG - Inactivated,Inactivated SARS-CoV-2 vaccine,Beijing Institute of Biological Products (CNBG),,,,,REPORTING
POL,AstraZeneca - AZD1222,AZD1222,AstraZeneca,,2020-12-23,,,REPORTING
SVN,AstraZeneca - AZD1222,AZD1222,AstraZeneca,,2021-02-10,,,REPORTING
KOR,Janssen - Ad26.COV 2.5,Ad26.COV 2.5,Janssen Pharmaceuticals,,,,,REPORTING
EGY,Gamaleya - Sputnik V,Sputnik V,Gamaleya Research Institute,,,,,REPORTING
UKR,Sinovac - CoronaVac,Coronavac,Sinovac,,2021-04-14,,,REPORTING
SWZ,SII - Covishield,Covishield,Serum Institute of India,,2021-03-19,,,REPORTING
NLD,Moderna - mRNA-1273,mRNA-1273,Moderna,,2020-12-23,,,REPORTING
IRL,Moderna - mRNA-1273,mRNA-1273,Moderna,,2021-01-13,,,REPORTING
IRN,Beijing CNBG - Inactivated,Inactivated SARS-CoV-2 vaccine,Beijing Institute of Biological Products (CNBG),,,,,REPORTING
ETH,SII - Covishield,Covishield,Serum Institute of India,2021-03-03,2021-03-13,,,REPORTING
GBR,Pfizer BioNTech - Comirnaty,Comirnaty,Pfizer BioNTech,,2020-12-21,,,REPORTING
BOL,Gamaleya - Sputnik V,Sputnik V,Gamaleya Research Institute,,2021-01-30,,,REPORTING
KOR,Moderna - mRNA-1273,mRNA-1273,Moderna,,,,,REPORTING
HUN,Pfizer BioNTech - Comirnaty,Comirnaty,Pfizer BioNTech,,2020-12-23,,,REPORTING
ISL,Pfizer BioNTech - Comirnaty,Comirnaty,Pfizer BioNTech,,2020-12-30,,,REPORTING
ALB,Pfizer BioNTech - Comirnaty,Comirnaty,Pfizer BioNTech,,2021-01-13,,,REPORTING
SLE,Beijing CNBG - Inactivated,Inactivated SARS-CoV-2 vaccine,Beijing Institute of Biological Products (CNBG),,2021-03-15,,,REPORTING
GIB,Pfizer BioNTech - Comirnaty,Comirnaty,Pfizer BioNTech,,,,,OWID
DZA,Gamaleya - Sputnik V,Sputnik V,Gamaleya Research Institute,2021-01-10,2021-01-30,,,REPORTING
CUW,Pfizer BioNTech - Comirnaty,Comirnaty,Pfizer BioNTech,,2021-02-24,,,REPORTING
THA,Sinovac - CoronaVac,Coronavac,Sinovac,2021-02-22,2021-02-28,,,REPORTING
GIN,Sinovac - CoronaVac,Coronavac,Sinovac,2021-04-01,2021-03-05,,,REPORTING
ISL,AstraZeneca - AZD1222,AZD1222,AstraZeneca,,2021-02-03,,,REPORTING
LBN,Pfizer BioNTech - Comirnaty,Comirnaty,Pfizer BioNTech,,,,,REPORTING
NAM,SII - Covishield,Covishield,Serum Institute of India,,2021-03-19,,,REPORTING
GNB,Beijing CNBG - Inactivated,Inactivated SARS-CoV-2 vaccine,Beijing Institute of Biological Products (CNBG),,2021-04-02,,,REPORTING
GNB,SII - Covishield,Covishield,Serum Institute of India,,2021-04-02,,,REPORTING
PNG,SII - Covishield,Covishield,Serum Institute of India,2021-03-02,2021-04-23,,,REPORTING
CHL,AstraZeneca - AZD1222,AZD1222,AstraZeneca,,2021-04-28,,,REPORTING
JOR,Beijing CNBG - Inactivated,Inactivated SARS-CoV-2 vaccine,Beijing Institute of Biological Products (CNBG),,,,,REPORTING
GMB,SII - Covishield,Covishield,Serum Institute of India,2021-02-12,2021-03-10,,,REPORTING
AGO,SII - Covishield,Covishield,Serum Institute of India,,2021-03-10,,,REPORTING
LTU,Moderna - mRNA-1273,mRNA-1273,Moderna,,2020-12-23,,,REPORTING
ESP,Moderna - mRNA-1273,mRNA-1273,Moderna,,2020-12-30,,,REPORTING
BMU,Pfizer BioNTech - Comirnaty,Comirnaty,Pfizer BioNTech,,2021-01-11,,,REPORTING
DEU,Janssen - Ad26.COV 2.5,Ad26.COV 2.5,Janssen Pharmaceuticals,,2021-04-21,,,REPORTING
MKD,Gamaleya - Sputnik V,Sputnik V,Gamaleya Research Institute,,2021-03-10,,,REPORTING
KOR,AstraZeneca - AZD1222,AZD1222,AstraZeneca,2021-02-09,2021-02-26,,,REPORTING
SLB,SII - Covishield,Covishield,Serum Institute of India,2021-02-22,2021-03-22,,,REPORTING
GBR,Moderna - mRNA-1273,mRNA-1273,Moderna,,2021-01-11,,,REPORTING
BLZ,Beijing CNBG - Inactivated,Inactivated SARS-CoV-2 vaccine,Beijing Institute of Biological Products (CNBG),,,,,REPORTING
PRY,Bharat - Covaxin,Covaxin,Bharat Biotech,,2021-04-10,,,REPORTING
COL,Pfizer BioNTech - Comirnaty,Comirnaty,Pfizer BioNTech,,2021-02-17,,,REPORTING
BRN,Janssen - Ad26.COV 2.5,Ad26.COV 2.5,Janssen Pharmaceuticals,,,,,REPORTING
BRN,Moderna - mRNA-1273,mRNA-1273,Moderna,,,,,REPORTING
PRT,Moderna - mRNA-1273,mRNA-1273,Moderna,,2021-01-13,,,REPORTING
DNK,Pfizer BioNTech - Comirnaty,Comirnaty,Pfizer BioNTech,,2020-12-30,,,REPORTING
PHL,Novavax - Covavax,Covavax,Novavax,,,,,REPORTING
CAN,Pfizer BioNTech - Comirnaty,Comirnaty,Pfizer BioNTech,,2020-12-14,,,REPORTING
GTM,AstraZeneca - AZD1222,AZD1222,AstraZeneca,,2021-03-15,,,REPORTING
BGD,Gamaleya - Sputnik V,Sputnik V,Gamaleya Research Institute,2021-04-27,,,,REPORTING
PAK,Gamaleya - Sputnik V,Sputnik V,Gamaleya Research Institute,,,,,REPORTING
MLT,Pfizer BioNTech - Comirnaty,Comirnaty,Pfizer BioNTech,,2020-12-23,,,REPORTING
ZAF,Janssen - Ad26.COV 2.5,Ad26.COV 2.5,Janssen Pharmaceuticals,,2021-02-17,,,REPORTING
JPN,Moderna - mRNA-1273,mRNA-1273,Moderna,,,,,REPORTING
JPN,AstraZeneca - AZD1222,AZD1222,AstraZeneca,,,,,REPORTING
EST,AstraZeneca - AZD1222,AZD1222,AstraZeneca,,2021-02-10,,,REPORTING
SLV,Sinovac - CoronaVac,Coronavac,Sinovac,,2021-03-28,,,REPORTING
LAO,Pfizer BioNTech - Comirnaty,Comirnaty,Pfizer BioNTech,,,,,REPORTING
LVA,Janssen - Ad26.COV 2.5,Ad26.COV 2.5,Janssen Pharmaceuticals,,2021-04-14,,,REPORTING
UGA,SII - Covishield,Covishield,Serum Institute of India,,2021-03-10,,,REPORTING
URY,Sinovac - CoronaVac,Coronavac,Sinovac,,2021-02-17,,,REPORTING
IRQ,Pfizer BioNTech - Comirnaty,Comirnaty,Pfizer BioNTech,,,,,REPORTING
PHL,Sinovac - CoronaVac,Coronavac,Sinovac,2021-02-22,2021-03-01,,,REPORTING
DJI,SII - Covishield,Covishield,Serum Institute of India,2021-02-22,2021-03-15,,,REPORTING
BRA,SII - Covishield,Covishield,Serum Institute of India,,2021-01-17,,,REPORTING
IMN,AstraZeneca - AZD1222,AZD1222,AstraZeneca,,,,,OWID
FRA,Moderna - mRNA-1273,mRNA-1273,Moderna,,2020-12-23,,,REPORTING
THA,AstraZeneca - AZD1222,AZD1222,AstraZeneca,2021-01-21,2021-03-16,,,REPORTING
TKM,Gamaleya - Sputnik V,Sputnik V,Gamaleya Research Institute,,2021-03-31,,,REPORTING
ARE,SII - Covishield,Covishield,Serum Institute of India,,,,,REPORTING
TUN,Gamaleya - Sputnik V,Sputnik V,Gamaleya Research Institute,,,,,REPORTING
ZWE,Bharat - Covaxin,Covaxin,Bharat Biotech,,2021-02-18,,,REPORTING
BIH,Pfizer BioNTech - Comirnaty,Comirnaty,Pfizer BioNTech,,,,,OWID
HUN,AstraZeneca - AZD1222,AZD1222,AstraZeneca,,2021-02-03,,,REPORTING
DOM,AstraZeneca - AZD1222,AZD1222,AstraZeneca,,,,,REPORTING
LVA,Pfizer BioNTech - Comirnaty,Comirnaty,Pfizer BioNTech,,2020-12-23,,,REPORTING
CRI,AstraZeneca - AZD1222,AZD1222,AstraZeneca,,,,,REPORTING
NER,Beijing CNBG - Inactivated,Inactivated SARS-CoV-2 vaccine,Beijing Institute of Biological Products (CNBG),2021-02-23,2021-03-29,,,REPORTING
GEO,Pfizer BioNTech - Comirnaty,Comirnaty,Pfizer BioNTech,,2021-03-31,,,REPORTING
MNG,AstraZeneca - AZD1222,AZD1222,AstraZeneca,2021-01-10,2021-03-19,,,REPORTING
BOL,SII - Covishield,Covishield,Serum Institute of India,,,,,REPORTING
CMR,Beijing CNBG - Inactivated,Inactivated SARS-CoV-2 vaccine,Beijing Institute of Biological Products (CNBG),2021-04-01,2021-04-12,,,REPORTING
KHM,Beijing CNBG - Inactivated,Inactivated SARS-CoV-2 vaccine,Beijing Institute of Biological Products (CNBG),2021-02-04,2021-02-10,,,REPORTING
MDA,Sinovac - CoronaVac,Coronavac,Sinovac,,2021-04-28,,,REPORTING
COL,AstraZeneca - AZD1222,AZD1222,AstraZeneca,,2021-03-29,,,REPORTING
VEN,Beijing CNBG - Inactivated,Inactivated SARS-CoV-2 vaccine,Beijing Institute of Biological Products (CNBG),,2021-03-08,,,REPORTING
CZE,Janssen - Ad26.COV 2.5,Ad26.COV 2.5,Janssen Pharmaceuticals,,2021-04-21,,,REPORTING
PNG,AstraZeneca - AZD1222,AZD1222,AstraZeneca,2021-03-18,2021-03-30,,,REPORTING
PRY,Sinovac - CoronaVac,Coronavac,Sinovac,,2021-03-06,,,REPORTING
MNE,AstraZeneca - AZD1222,AZD1222,AstraZeneca,,2021-03-24,,,REPORTING
FRA,Pfizer BioNTech - Comirnaty,Comirnaty,Pfizer BioNTech,,2020-12-23,,,REPORTING
MEX,Pfizer BioNTech - Comirnaty,Comirnaty,Pfizer BioNTech,,,,,REPORTING
MKD,Wuhan CNBG - Inactivated,Inactivated SARS-CoV-2 vaccine,Wuhan Institute of Biological Products (CNBG),,2021-04-21,,,REPORTING
CHE,Moderna - mRNA-1273,mRNA-1273,Moderna,,,,,OWID
NIC,SII - Covishield,Covishield,Serum Institute of India,,2021-04-06,,,REPORTING
MYS,Gamaleya - Sputnik V,Sputnik V,Gamaleya Research Institute,,,,,REPORTING
ARE,Gamaleya - Sputnik V,Sputnik V,Gamaleya Research Institute,,,,,REPORTING
KWT,AstraZeneca - AZD1222,AZD1222,AstraZeneca,2020-12-13,2020-12-28,,,REPORTING
TUN,AstraZeneca - AZD1222,AZD1222,AstraZeneca,2021-01-11,2021-03-13,,,REPORTING
TJK,AstraZeneca - AZD1222,AZD1222,AstraZeneca,,2021-04-07,,,REPORTING
MNE,Beijing CNBG - Inactivated,Inactivated SARS-CoV-2 vaccine,Beijing Institute of Biological Products (CNBG),,2021-03-03,,,REPORTING
GMB,Beijing CNBG - Inactivated,Inactivated SARS-CoV-2 vaccine,Beijing Institute of Biological Products (CNBG),,2021-03-10,,,REPORTING
THA,Janssen - Ad26.COV 2.5,Ad26.COV 2.5,Janssen Pharmaceuticals,2021-03-25,,,,REPORTING
ISR,Moderna - mRNA-1273,mRNA-1273,Moderna,,2021-03-03,,,REPORTING
SSD,SII - Covishield,Covishield,Serum Institute of India,2021-03-01,2021-04-06,,,REPORTING
URY,Pfizer BioNTech - Comirnaty,Comirnaty,Pfizer BioNTech,,2021-03-11,,,REPORTING
CHN,Beijing CNBG - Inactivated,Inactivated SARS-CoV-2 vaccine,Beijing Institute of Biological Products (CNBG),2020-12-31,,,,REPORTING
JPN,Novavax - Covavax,Covavax,Novavax,,,,,REPORTING
BIH,Sinovac - CoronaVac,Coronavac,Sinovac,,,,,OWID
SLV,Pfizer BioNTech - Comirnaty,Comirnaty,Pfizer BioNTech,,2021-03-23,,,REPORTING
DOM,Sinovac - CoronaVac,Coronavac,Sinovac,,2021-02-24,,,REPORTING
PHL,Moderna - mRNA-1273,mRNA-1273,Moderna,,,,,REPORTING
BEL,Moderna - mRNA-1273,mRNA-1273,Moderna,,2021-01-13,,,REPORTING
DZA,Beijing CNBG - Inactivated,Inactivated SARS-CoV-2 vaccine,Beijing Institute of Biological Products (CNBG),,2021-01-30,,,REPORTING
MEX,Gamaleya - Sputnik V,Sputnik V,Gamaleya Research Institute,,,,,REPORTING
MDA,Beijing CNBG - Inactivated,Inactivated SARS-CoV-2 vaccine,Beijing Institute of Biological Products (CNBG),,2021-03-24,,,REPORTING
FRA,Janssen - Ad26.COV 2.5,Ad26.COV 2.5,Janssen Pharmaceuticals,,2021-04-14,,,REPORTING
RUS,SRCVB - EpiVacCorona,EpiVacCorona,State Research Center of Virology & Biotechnology,,,,,OWID
IRQ,Gamaleya - Sputnik V,Sputnik V,Gamaleya Research Institute,,,,,REPORTING
BEL,AstraZeneca - AZD1222,AZD1222,AstraZeneca,,2021-02-03,,,REPORTING
LIE,Pfizer BioNTech - Comirnaty,Comirnaty,Pfizer BioNTech,,2021-02-10,,,REPORTING
NPL,Gamaleya - Sputnik V,Sputnik V,Gamaleya Research Institute,2021-04-20,,,,REPORTING
GAB,Beijing CNBG - Inactivated,Inactivated SARS-CoV-2 vaccine,Beijing Institute of Biological Products (CNBG),,2021-03-23,,,REPORTING
URY,AstraZeneca - AZD1222,AZD1222,AstraZeneca,,2021-04-17,,,REPORTING
TUV,AstraZeneca - AZD1222,AZD1222,AstraZeneca,2021-03-02,2021-04-13,,,REPORTING
FSM,Moderna - mRNA-1273,mRNA-1273,Moderna,2020-12-18,2021-01-13,,,REPORTING
KHM,Sinovac - CoronaVac,Coronavac,Sinovac,2021-03-12,2021-04-01,,,REPORTING
DJI,Gamaleya - Sputnik V,Sputnik V,Gamaleya Research Institute,,,,,REPORTING
KGZ,Beijing CNBG - Inactivated,Inactivated SARS-CoV-2 vaccine,Beijing Institute of Biological Products (CNBG),,,,,OWID
SUR,AstraZeneca - AZD1222,AZD1222,AstraZeneca,,,,,REPORTING
PLW,Moderna - mRNA-1273,mRNA-1273,Moderna,,2021-01-03,,,REPORTING
LBR,SII - Covishield,Covishield,Serum Institute of India,2021-03-15,2021-04-01,,,REPORTING
PHL,Beijing CNBG - Inactivated,Inactivated SARS-CoV-2 vaccine,Beijing Institute of Biological Products (CNBG),,,,,REPORTING
HUN,Beijing CNBG - Inactivated,Inactivated SARS-CoV-2 vaccine,Beijing Institute of Biological Products (CNBG),,2021-02-17,,,REPORTING
GUY,Gamaleya - Sputnik V,Sputnik V,Gamaleya Research Institute,,,,,REPORTING
LKA,Beijing CNBG - Inactivated,Inactivated SARS-CoV-2 vaccine,Beijing Institute of Biological Products (CNBG),,2021-04-05,,,REPORTING
PRI,Moderna - mRNA-1273,mRNA-1273,Moderna,,,,,REPORTING
VGB,AstraZeneca - AZD1222,AZD1222,AstraZeneca,,2021-02-11,,,REPORTING
TKM,SRCVB - EpiVacCorona,EpiVacCorona,State Research Center of Virology & Biotechnology,,2021-03-31,,,REPORTING
PRI,Janssen - Ad26.COV 2.5,Ad26.COV 2.5,Janssen Pharmaceuticals,,,,,REPORTING
MOZ,SII - Covishield,Covishield,Serum Institute of India,,2021-03-08,,,REPORTING
AND,Pfizer BioNTech - Comirnaty,Comirnaty,Pfizer BioNTech,,2021-01-20,,,REPORTING
QAT,Pfizer BioNTech - Comirnaty,Comirnaty,Pfizer BioNTech,,,,,REPORTING
GNQ,Beijing CNBG - Inactivated,Inactivated SARS-CoV-2 vaccine,Beijing Institute of Biological Products (CNBG),,2021-02-12,,,REPORTING
JOR,Janssen - Ad26.COV 2.5,Ad26.COV 2.5,Janssen Pharmaceuticals,,,,,REPORTING
PSE,Moderna - mRNA-1273,mRNA-1273,Moderna,,,,,REPORTING
MAR,Janssen - Ad26.COV 2.5,Ad26.COV 2.5,Janssen Pharmaceuticals,,,,,REPORTING
MLT,Moderna - mRNA-1273,mRNA-1273,Moderna,,2021-02-03,,,REPORTING
FJI,SII - Covishield,Covishield,Serum Institute of India,,2021-04-06,,,REPORTING
BEN,SII - Covishield,Covishield,Serum Institute of India,2021-02-24,2021-03-29,,,REPORTING
PRT,Janssen - Ad26.COV 2.5,Ad26.COV 2.5,Janssen Pharmaceuticals,,2021-03-03,,,REPORTING
AUS,AstraZeneca - AZD1222,AZD1222,AstraZeneca,2021-02-17,2021-03-08,,,REPORTING
DNK,AstraZeneca - AZD1222,AZD1222,AstraZeneca,,2021-02-10,,,REPORTING
WSM,AstraZeneca - AZD1222,AZD1222,AstraZeneca,2021-02-23,2021-04-18,,,REPORTING
CYP,AstraZeneca - AZD1222,AZD1222,AstraZeneca,,2021-02-10,,,REPORTING
SMR,Gamaleya - Sputnik V,Sputnik V,Gamaleya Research Institute,,2021-02-24,,,REPORTING
CUW,Moderna - mRNA-1273,mRNA-1273,Moderna,,,,,REPORTING
GRC,Moderna - mRNA-1273,mRNA-1273,Moderna,,2021-01-13,,,REPORTING
FJI,AstraZeneca - AZD1222,AZD1222,AstraZeneca,2021-02-22,2021-03-07,,,REPORTING
EGY,Beijing CNBG - Inactivated,Inactivated SARS-CoV-2 vaccine,Beijing Institute of Biological Products (CNBG),,,,,REPORTING
NRU,AstraZeneca - AZD1222,AZD1222,AstraZeneca,2021-03-02,2021-04-09,,,REPORTING
SOM,SII - Covishield,Covishield,Serum Institute of India,2021-02-22,2021-03-16,,,REPORTING
IDN,AstraZeneca - AZD1222,AZD1222,AstraZeneca,2021-02-21,2021-03-23,,,REPORTING
SAU,AstraZeneca - AZD1222,AZD1222,AstraZeneca,2020-12-10,2021-01-06,,,REPORTING
ATG,SII - Covishield,Covishield,Serum Institute of India,,2021-02-19,,,REPORTING
SLV,AstraZeneca - AZD1222,AZD1222,AstraZeneca,,2021-02-17,,,REPORTING
ROU,Pfizer BioNTech - Comirnaty,Comirnaty,Pfizer BioNTech,,2021-01-27,,,REPORTING
ISL,Janssen - Ad26.COV 2.5,Ad26.COV 2.5,Janssen Pharmaceuticals,,2021-04-14,,,REPORTING
PSE,Beijing CNBG - Inactivated,Inactivated SARS-CoV-2 vaccine,Beijing Institute of Biological Products (CNBG),,,,,REPORTING
BEN,Sinovac - CoronaVac,Coronavac,Sinovac,2021-02-26,2021-03-29,,,REPORTING
MHL,Janssen - Ad26.COV 2.5,Ad26.COV 2.5,Janssen Pharmaceuticals,,,,,REPORTING
MYS,AstraZeneca - AZD1222,AZD1222,AstraZeneca,2021-03-02,,,,REPORTING
NZL,Pfizer BioNTech - Comirnaty,Comirnaty,Pfizer BioNTech,2021-02-03,2021-02-19,,,REPORTING
BHR,AstraZeneca - AZD1222,AZD1222,AstraZeneca,,2020-12-25,,,REPORTING
CZE,AstraZeneca - AZD1222,AZD1222,AstraZeneca,,2021-02-10,,,REPORTING
JEY,AstraZeneca - AZD1222,AZD1222,AstraZeneca,,,,,OWID
IRN,Gamaleya - Sputnik V,Sputnik V,Gamaleya Research Institute,,,,,REPORTING
NZL,Novavax - Covavax,Covavax,Novavax,,,,,REPORTING
BRN,Beijing CNBG - Inactivated,Inactivated SARS-CoV-2 vaccine,Beijing Institute of Biological Products (CNBG),2021-02-03,2021-04-03,,,REPORTING
ITA,Pfizer BioNTech - Comirnaty,Comirnaty,Pfizer BioNTech,,2020-12-23,,,REPORTING
TLS,AstraZeneca - AZD1222,AZD1222,AstraZeneca,2021-02-23,2021-04-07,,,REPORTING
AUT,Moderna - mRNA-1273,mRNA-1273,Moderna,,2020-12-30,,,REPORTING
GIN,Pfizer BioNTech - Comirnaty,Comirnaty,Pfizer BioNTech,2021-01-27,2021-03-05,,,REPORTING
POL,Janssen - Ad26.COV 2.5,Ad26.COV 2.5,Janssen Pharmaceuticals,,2020-12-23,,,REPORTING
SVK,Moderna - mRNA-1273,mRNA-1273,Moderna,,2020-12-23,,,REPORTING
MHL,Moderna - mRNA-1273,mRNA-1273,Moderna,,2020-12-29,,,REPORTING
COG,SII - Covishield,Covishield,Serum Institute of India,2021-03-03,2021-03-23,,,REPORTING
LBY,Janssen - Ad26.COV 2.5,Ad26.COV 2.5,Janssen Pharmaceuticals,,,,,REPORTING
NOR,Moderna - mRNA-1273,mRNA-1273,Moderna,,2021-03-31,,,REPORTING
SRB,Pfizer BioNTech - Comirnaty,Comirnaty,Pfizer BioNTech,,2020-12-23,,,REPORTING
GHA,SII - Covishield,Covishield,Serum Institute of India,2021-02-12,2021-03-02,,,REPORTING
USA,Moderna - mRNA-1273,mRNA-1273,Moderna,,2020-12-21,,,REPORTING
GIN,Beijing CNBG - Inactivated,Inactivated SARS-CoV-2 vaccine,Beijing Institute of Biological Products (CNBG),2021-02-12,2021-03-05,,,REPORTING
SOM,Sinovac - CoronaVac,Coronavac,Sinovac,,,,,REPORTING
MNG,Pfizer BioNTech - Comirnaty,Comirnaty,Pfizer BioNTech,2021-01-10,2021-03-26,,,REPORTING
BTN,Pfizer BioNTech - Comirnaty,Comirnaty,Pfizer BioNTech,2021-03-08,,,,REPORTING
SGP,AstraZeneca - AZD1222,AZD1222,AstraZeneca,,,,,REPORTING
ECU,AstraZeneca - AZD1222,AZD1222,AstraZeneca,,,,,REPORTING
CAF,SII - Covishield,Covishield,Serum Institute of India,2021-02-26,,,,REPORTING
SOM,Beijing CNBG - Inactivated,Inactivated SARS-CoV-2 vaccine,Beijing Institute of Biological Products (CNBG),,,,,REPORTING
LVA,Moderna - mRNA-1273,mRNA-1273,Moderna,,2021-01-13,,,REPORTING
HND,Moderna - mRNA-1273,mRNA-1273,Moderna,,2021-02-26,,,REPORTING
PRY,Gamaleya - Sputnik V,Sputnik V,Gamaleya Research Institute,,2021-02-22,,,REPORTING
GEO,AstraZeneca - AZD1222,AZD1222,AstraZeneca,,2021-03-17,,,REPORTING
MNE,Gamaleya - Sputnik V,Sputnik V,Gamaleya Research Institute,,2021-02-24,,,REPORTING
USA,Pfizer BioNTech - Comirnaty,Comirnaty,Pfizer BioNTech,,2020-12-14,,,REPORTING
HND,Gamaleya - Sputnik V,Sputnik V,Gamaleya Research Institute,,2021-04-22,,,REPORTING
AFG,Beijing CNBG - Inactivated,Inactivated SARS-CoV-2 vaccine,Beijing Institute of Biological Products (CNBG),,,,,REPORTING
JOR,Pfizer BioNTech - Comirnaty,Comirnaty,Pfizer BioNTech,,,,,REPORTING
PAK,Beijing CNBG - Inactivated,Inactivated SARS-CoV-2 vaccine,Beijing Institute of Biological Products (CNBG),,,,,REPORTING
MKD,AstraZeneca - AZD1222,AZD1222,AstraZeneca,,2021-03-31,,,REPORTING
CHN,CanSino - Ad5-nCOV,Ad5-nCOV,CanSino Biologicals,2020-06-29,,,,REPORTING
NRU,SII - Covishield,Covishield,Serum Institute of India,,,,,REPORTING
BHR,SII - Covishield,Covishield,Serum Institute of India,,2020-12-25,,,REPORTING
UZB,AstraZeneca - AZD1222,AZD1222,AstraZeneca,,,,,OWID
GRD,AstraZeneca - AZD1222,AZD1222,AstraZeneca,,,,,REPORTING
PHL,AstraZeneca - AZD1222,AZD1222,AstraZeneca,2021-01-28,2021-03-07,,,REPORTING
ALB,AstraZeneca - AZD1222,AZD1222,AstraZeneca,,2021-03-10,,,REPORTING
EST,Pfizer BioNTech - Comirnaty,Comirnaty,Pfizer BioNTech,,2020-12-23,,,REPORTING
CAN,SII - Covishield,Covishield,Serum Institute of India,,,,,REPORTING
MUS,Beijing CNBG - Inactivated,Inactivated SARS-CoV-2 vaccine,Beijing Institute of Biological Products (CNBG),2021-03-18,,,,REPORTING
IRN,AstraZeneca - AZD1222,AZD1222,AstraZeneca,2021-01-27,2021-02-09,,,REPORTING
LUX,AstraZeneca - AZD1222,AZD1222,AstraZeneca,,2021-02-03,,,REPORTING
NPL,SII - Covishield,Covishield,Serum Institute of India,2021-01-15,2021-01-27,,,REPORTING
CHL,Pfizer BioNTech - Comirnaty,Comirnaty,Pfizer BioNTech,,2020-12-21,,,REPORTING
ROU,AstraZeneca - AZD1222,AZD1222,AstraZeneca,,2021-02-10,,,REPORTING
SRB,Beijing CNBG - Inactivated,Inactivated SARS-CoV-2 vaccine,Beijing Institute of Biological Products (CNBG),,2021-01-20,,,REPORTING
SEN,SII - Covishield,Covishield,Serum Institute of India,2021-02-16,2021-02-23,,,REPORTING
HUN,Sinovac - CoronaVac,Coronavac,Sinovac,,2021-02-15,,,REPORTING
DNK,Moderna - mRNA-1273,mRNA-1273,Moderna,,2021-01-13,,,REPORTING
KHM,SII - Covishield,Covishield,Serum Institute of India,2021-02-21,2021-03-04,,,REPORTING
ARM,Gamaleya - Sputnik V,Sputnik V,Gamaleya Research Institute,,,,,OWID
MUS,Bharat - Covaxin,Covaxin,Bharat Biotech,2021-03-18,,,,REPORTING
IDN,Sinovac - CoronaVac,Coronavac,Sinovac,2021-01-11,2021-01-13,,,REPORTING
IND,Gamaleya - Sputnik V,Sputnik V,Gamaleya Research Institute,,,,,REPORTING
ATG,AstraZeneca - AZD1222,AZD1222,AstraZeneca,,,,,REPORTING
POL,Pfizer BioNTech - Comirnaty,Comirnaty,Pfizer BioNTech,,2020-12-23,,,REPORTING
ESP,Pfizer BioNTech - Comirnaty,Comirnaty,Pfizer BioNTech,,2020-12-30,,,REPORTING
BIH,Gamaleya - Sputnik V,Sputnik V,Gamaleya Research Institute,,,,,OWID
SLE,SII - Covishield,Covishield,Serum Institute of India,2021-03-04,2021-03-15,,,REPORTING
MUS,SII - Covishield,Covishield,Serum Institute of India,2021-01-21,2021-01-26,,,REPORTING
GRC,Janssen - Ad26.COV 2.5,Ad26.COV 2.5,Janssen Pharmaceuticals,,2021-04-28,,,REPORTING
GRD,SII - Covishield,Covishield,Serum Institute of India,,2021-02-15,,,REPORTING
PAN,AstraZeneca - AZD1222,AZD1222,AstraZeneca,,2021-04-22,,,REPORTING
PER,AstraZeneca - AZD1222,AZD1222,AstraZeneca,,2021-04-21,,,REPORTING
BGR,Pfizer BioNTech - Comirnaty,Comirnaty,Pfizer BioNTech,,2020-12-23,,,REPORTING
BRN,Pfizer BioNTech - Comirnaty,Comirnaty,Pfizer BioNTech,,,,,REPORTING
PAN,Pfizer BioNTech - Comirnaty,Comirnaty,Pfizer BioNTech,,2021-01-20,,,REPORTING
GRC,AstraZeneca - AZD1222,AZD1222,AstraZeneca,,2021-02-10,,,REPORTING
NIC,Gamaleya - Sputnik V,Sputnik V,Gamaleya Research Institute,,2021-03-02,,,REPORTING
PRY,Beijing CNBG - Inactivated,Inactivated SARS-CoV-2 vaccine,Beijing Institute of Biological Products (CNBG),,2021-03-25,,,REPORTING
ROU,Moderna - mRNA-1273,mRNA-1273,Moderna,,2021-01-27,,,REPORTING
VEN,Gamaleya - Sputnik V,Sputnik V,Gamaleya Research Institute,,2021-02-18,,,REPORTING
GUY,AstraZeneca - AZD1222,AZD1222,AstraZeneca,,,,,REPORTING
SVN,Pfizer BioNTech - Comirnaty,Comirnaty,Pfizer BioNTech,,2020-12-23,,,REPORTING
LTU,Pfizer BioNTech - Comirnaty,Comirnaty,Pfizer BioNTech,,2020-12-23,,,REPORTING
AUT,AstraZeneca - AZD1222,AZD1222,AstraZeneca,,2020-12-30,,,REPORTING
TUN,Sinovac - CoronaVac,Coronavac,Sinovac,,,,,REPORTING
HUN,Moderna - mRNA-1273,mRNA-1273,Moderna,,2021-01-13,,,REPORTING
HND,Janssen - Ad26.COV 2.5,Ad26.COV 2.5,Janssen Pharmaceuticals,,,,,REPORTING
PLW,Janssen - Ad26.COV 2.5,Ad26.COV 2.5,Janssen Pharmaceuticals,,,,,REPORTING
PRY,AstraZeneca - AZD1222,AZD1222,AstraZeneca,,2021-03-25,,,REPORTING
BEL,Pfizer BioNTech - Comirnaty,Comirnaty,Pfizer BioNTech,,2020-12-30,,,REPORTING
NZL,Janssen - Ad26.COV 2.5,Ad26.COV 2.5,Janssen Pharmaceuticals,,,,,REPORTING
MEX,AstraZeneca - AZD1222,AZD1222,AstraZeneca,,,,,REPORTING
CHN,Sinovac - CoronaVac,Coronavac,Sinovac,2021-02-07,,,,REPORTING
GIN,SII - Covishield,Covishield,Serum Institute of India,2021-02-18,2021-03-05,,,REPORTING
IRL,Pfizer BioNTech - Comirnaty,Comirnaty,Pfizer BioNTech,,2020-12-23,,,REPORTING
AUT,Pfizer BioNTech - Comirnaty,Comirnaty,Pfizer BioNTech,,2020-12-30,,,REPORTING
BGR,AstraZeneca - AZD1222,AZD1222,AstraZeneca,,2021-02-03,,,REPORTING
NZL,AstraZeneca - AZD1222,AZD1222,AstraZeneca,,,,,REPORTING
COG,Beijing CNBG - Inactivated,Inactivated SARS-CoV-2 vaccine,Beijing Institute of Biological Products (CNBG),2021-03-03,2021-03-23,,,REPORTING
BLZ,AstraZeneca - AZD1222,AZD1222,AstraZeneca,,2021-04-07,,,REPORTING
SYR,Gamaleya - Sputnik V,Sputnik V,Gamaleya Research Institute,,,,,REPORTING
MAR,Gamaleya - Sputnik V,Sputnik V,Gamaleya Research Institute,,,,,REPORTING
MRT,Beijing CNBG - Inactivated,Inactivated SARS-CoV-2 vaccine,Beijing Institute of Biological Products (CNBG),,2021-03-26,,,REPORTING
CYP,Moderna - mRNA-1273,mRNA-1273,Moderna,,2021-01-13,,,REPORTING
SGP,Moderna - mRNA-1273,mRNA-1273,Moderna,2021-02-03,2021-03-17,,,REPORTING
MDV,SII - Covishield,Covishield,Serum Institute of India,2021-01-29,2021-02-01,,,REPORTING
TCA,Pfizer BioNTech - Comirnaty,Comirnaty,Pfizer BioNTech,,2021-01-11,,,REPORTING
SUR,SII - Covishield,Covishield,Serum Institute of India,,2021-02-23,,,REPORTING
LAO,Gamaleya - Sputnik V,Sputnik V,Gamaleya Research Institute,2021-02-03,2021-02-09,,,REPORTING
KWT,Pfizer BioNTech - Comirnaty,Comirnaty,Pfizer BioNTech,,,,,REPORTING
BMU,AstraZeneca - AZD1222,AZD1222,AstraZeneca,,,,,REPORTING
MLT,AstraZeneca - AZD1222,AZD1222,AstraZeneca,,2021-02-10,,,REPORTING
KIR,AstraZeneca - AZD1222,AZD1222,AstraZeneca,,,,,REPORTING
QAT,AstraZeneca - AZD1222,AZD1222,AstraZeneca,,2020-12-23,,,REPORTING
NCL,Pfizer BioNTech - Comirnaty,Comirnaty,Pfizer BioNTech,2020-12-29,2021-01-20,,,REPORTING
SGP,Pfizer BioNTech - Comirnaty,Comirnaty,Pfizer BioNTech,2020-12-14,2020-12-30,,,REPORTING
ETH,Beijing CNBG - Inactivated,Inactivated SARS-CoV-2 vaccine,Beijing Institute of Biological Products (CNBG),,2021-03-13,,,REPORTING
CZE,Pfizer BioNTech - Comirnaty,Comirnaty,Pfizer BioNTech,,2020-12-23,,,REPORTING
TTO,AstraZeneca - AZD1222,AZD1222,AstraZeneca,,,,,REPORTING
ISR,Pfizer BioNTech - Comirnaty,Comirnaty,Pfizer BioNTech,,2020-12-16,,,REPORTING
GRL,Pfizer BioNTech - Comirnaty,Comirnaty,Pfizer BioNTech,,,,,OWID
FIN,Moderna - mRNA-1273,mRNA-1273,Moderna,,2020-12-23,,,REPORTING
NLD,Pfizer BioNTech - Comirnaty,Comirnaty,Pfizer BioNTech,,2020-12-23,,,REPORTING
TTO,SII - Covishield,Covishield,Serum Institute of India,,2021-02-17,,,REPORTING
BGD,Beijing CNBG - Inactivated,Inactivated SARS-CoV-2 vaccine,Beijing Institute of Biological Products (CNBG),2021-04-29,,,,REPORTING
DJI,Beijing CNBG - Inactivated,Inactivated SARS-CoV-2 vaccine,Beijing Institute of Biological Products (CNBG),,,,,REPORTING
RWA,SII - Covishield,Covishield,Serum Institute of India,,2021-02-14,,,REPORTING
MMR,SII - Covishield,Covishield,Serum Institute of India,2021-01-20,2021-01-27,,,REPORTING
EST,Janssen - Ad26.COV 2.5,Ad26.COV 2.5,Janssen Pharmaceuticals,,2021-04-14,,,REPORTING
BHS,SII - Covishield,Covishield,Serum Institute of India,,2021-03-14,,,REPORTING
BLR,Gamaleya - Sputnik V,Sputnik V,Gamaleya Research Institute,,2021-02-03,,,REPORTING
SDN,Pfizer BioNTech - Comirnaty,Comirnaty,Pfizer BioNTech,2021-02-20,2021-03-09,,,REPORTING
SHN,AstraZeneca - AZD1222,AZD1222,AstraZeneca,,,,,OWID
KOR,Pfizer BioNTech - Comirnaty,Comirnaty,Pfizer BioNTech,2021-03-04,2021-02-27,,,REPORTING
SXM,AstraZeneca - AZD1222,AZD1222,AstraZeneca,,,,,REPORTING
GGY,AstraZeneca - AZD1222,AZD1222,AstraZeneca,,,,,OWID
GUM,Moderna - mRNA-1273,mRNA-1273,Moderna,,2021-01-29,,,REPORTING
BRB,SII - Covishield,Covishield,Serum Institute of India,,2021-02-10,,,REPORTING
UKR,Pfizer BioNTech - Comirnaty,Comirnaty,Pfizer BioNTech,,2021-02-10,,,REPORTING
NOR,AstraZeneca - AZD1222,AZD1222,AstraZeneca,,2021-03-31,,,REPORTING
ZMB,SII - Covishield,Covishield,Serum Institute of India,2021-02-28,2021-04-14,,,REPORTING
MNG,SII - Covishield,Covishield,Serum Institute of India,2021-01-10,2021-02-23,,,REPORTING
DMA,Beijing CNBG - Inactivated,Inactivated SARS-CoV-2 vaccine,Beijing Institute of Biological Products (CNBG),,,,,REPORTING
KAZ,Gamaleya - Sputnik V,Sputnik V,Gamaleya Research Institute,,2021-03-17,,,REPORTING
GTM,SII - Covishield,Covishield,Serum Institute of India,,2021-03-03,,,REPORTING
IND,SII - Covishield,Covishield,Serum Institute of India,2021-01-03,2021-01-16,,,REPORTING
ABW,Pfizer BioNTech - Comirnaty,Comirnaty,Pfizer BioNTech,,2021-02-17,,,REPORTING
MWI,SII - Covishield,Covishield,Serum Institute of India,,2021-03-11,,,REPORTING
LTU,AstraZeneca - AZD1222,AZD1222,AstraZeneca,,2021-02-10,,,REPORTING
LBN,Gamaleya - Sputnik V,Sputnik V,Gamaleya Research Institute,,,,,REPORTING
PAK,Sinovac - CoronaVac,Coronavac,Sinovac,,,,,REPORTING
MNG,Gamaleya - Sputnik V,Sputnik V,Gamaleya Research Institute,2021-02-06,,,,REPORTING
VEN,Wuhan CNBG - Inactivated,Inactivated SARS-CoV-2 vaccine,Wuhan Institute of Biological Products (CNBG),,2021-03-08,,,REPORTING
SYR,Beijing CNBG - Inactivated,Inactivated SARS-CoV-2 vaccine,Beijing Institute of Biological Products (CNBG),,,,,REPORTING
LAO,Beijing CNBG - Inactivated,Inactivated SARS-CoV-2 vaccine,Beijing Institute of Biological Products (CNBG),,2020-11-25,,,REPORTING
ESP,Janssen - Ad26.COV 2.5,Ad26.COV 2.5,Janssen Pharmaceuticals,,2020-12-30,,,REPORTING
ECU,Sinovac - CoronaVac,Coronavac,Sinovac,,,,,REPORTING
JEY,Pfizer BioNTech - Comirnaty,Comirnaty,Pfizer BioNTech,,,,,OWID
SRB,AstraZeneca - AZD1222,AZD1222,AstraZeneca,,2021-02-24,,,REPORTING
PHL,Bharat - Covaxin,Covaxin,Bharat Biotech,2021-04-10,,,,REPORTING
GUM,Janssen - Ad26.COV 2.5,Ad26.COV 2.5,Janssen Pharmaceuticals,,2021-03-15,,,REPORTING
STP,SII - Covishield,Covishield,Serum Institute of India,2021-02-21,2021-03-15,,,REPORTING
USA,Janssen - Ad26.COV 2.5,Ad26.COV 2.5,Janssen Pharmaceuticals,,,,,REPORTING
BES,Moderna - mRNA-1273,mRNA-1273,Moderna,,2021-02-22,,,REPORTING
HND,AstraZeneca - AZD1222,AZD1222,AstraZeneca,,2021-03-15,,,REPORTING
CUW,AstraZeneca - AZD1222,AZD1222,AstraZeneca,,,,,REPORTING
VNM,Gamaleya - Sputnik V,Sputnik V,Gamaleya Research Institute,2021-03-23,,,,REPORTING
BHR,Janssen - Ad26.COV 2.5,Ad26.COV 2.5,Janssen Pharmaceuticals,,,,,REPORTING
TLS,SII - Covishield,Covishield,Serum Institute of India,2021-02-23,2021-04-07,,,REPORTING
LBY,AstraZeneca - AZD1222,AZD1222,AstraZeneca,2021-02-24,2021-04-11,,,REPORTING
TJK,SII - Covishield,Covishield,Serum Institute of India,,2021-04-28,,,REPORTING
HRV,AstraZeneca - AZD1222,AZD1222,AstraZeneca,,2021-02-10,,,REPORTING
HRV,Janssen - Ad26.COV 2.5,Ad26.COV 2.5,Janssen Pharmaceuticals,,2021-02-17,,,REPORTING
POL,Moderna - mRNA-1273,mRNA-1273,Moderna,,2020-12-23,,,REPORTING
BHR,Gamaleya - Sputnik V,Sputnik V,Gamaleya Research Institute,,,,,REPORTING
PAK,SII - Covishield,Covishield,Serum Institute of India,2021-01-20,2021-02-03,,,REPORTING
JAM,SII - Covishield,Covishield,Serum Institute of India,,2021-03-10,,,REPORTING
SYC,Beijing CNBG - Inactivated,Inactivated SARS-CoV-2 vaccine,Beijing Institute of Biological Products (CNBG),,2021-01-10,,,REPORTING
PHL,Janssen - Ad26.COV 2.5,Ad26.COV 2.5,Janssen Pharmaceuticals,2021-04-19,,,,REPORTING
ZWE,Sinovac - CoronaVac,Coronavac,Sinovac,,2021-02-18,,,REPORTING
DZA,SII - Covishield,Covishield,Serum Institute of India,,2021-01-30,,,REPORTING
UKR,AstraZeneca - AZD1222,AZD1222,AstraZeneca,,2021-02-17,,,REPORTING
GUM,Pfizer BioNTech - Comirnaty,Comirnaty,Pfizer BioNTech,,2021-01-04,,,REPORTING
BES,Pfizer BioNTech - Comirnaty,Comirnaty,Pfizer BioNTech,,,,,REPORTING
GHA,Gamaleya - Sputnik V,Sputnik V,Gamaleya Research Institute,,2021-03-02,,,REPORTING
PHL,Pfizer BioNTech - Comirnaty,Comirnaty,Pfizer BioNTech,2021-01-14,,,,REPORTING
MAR,AstraZeneca - AZD1222,AZD1222,AstraZeneca,2021-01-06,2021-01-28,,,REPORTING
NIU,Pfizer BioNTech - Comirnaty,Comirnaty,Pfizer BioNTech,,,,,REPORTING
FSM,Janssen - Ad26.COV 2.5,Ad26.COV 2.5,Janssen Pharmaceuticals,2021-02-27,,,,REPORTING
BGD,Pfizer BioNTech - Comirnaty,Comirnaty,Pfizer BioNTech,,,,,REPORTING
COG,Moderna - mRNA-1273,mRNA-1273,Moderna,2021-03-03,2021-03-23,,,REPORTING
SWE,AstraZeneca - AZD1222,AZD1222,AstraZeneca,,2021-02-03,,,REPORTING
MRT,SII - Covishield,Covishield,Serum Institute of India,,2021-03-26,,,REPORTING
CYM,Pfizer BioNTech - Comirnaty,Comirnaty,Pfizer BioNTech,,2021-01-15,,,REPORTING
COM,Bharat - Covaxin,Covaxin,Bharat Biotech,2021-02-01,2021-04-10,,,REPORTING
ETH,Bharat - Covaxin,Covaxin,Bharat Biotech,2021-03-03,2021-03-13,,,REPORTING
IRQ,AstraZeneca - AZD1222,AZD1222,AstraZeneca,2020-12-29,2021-03-02,,,REPORTING
SWE,Moderna - mRNA-1273,mRNA-1273,Moderna,,2021-01-13,,,REPORTING
GNQ,Sinovac - CoronaVac,Coronavac,Sinovac,,2021-02-12,,,REPORTING
ITA,Moderna - mRNA-1273,mRNA-1273,Moderna,,2021-01-06,,,REPORTING
LCA,AstraZeneca - AZD1222,AZD1222,AstraZeneca,,,,,REPORTING
THA,SII - Covishield,Covishield,Serum Institute of India,2021-01-21,2021-03-16,,,REPORTING
IMN,Pfizer BioNTech - Comirnaty,Comirnaty,Pfizer BioNTech,,,,,OWID
CHN,Anhui ZL - Recombinant,Recombinant SARS-CoV-2 vaccine,Anhui Zhifei Longcom Biophamaceutical,2021-03-17,,,,REPORTING
SVK,Pfizer BioNTech - Comirnaty,Comirnaty,Pfizer BioNTech,,2020-12-23,,,REPORTING
NLD,AstraZeneca - AZD1222,AZD1222,AstraZeneca,,2020-12-23,,,REPORTING
MDA,Pfizer BioNTech - Comirnaty,Comirnaty,Pfizer BioNTech,,2021-03-24,,,REPORTING
IRL,AstraZeneca - AZD1222,AZD1222,AstraZeneca,,2021-01-13,,,REPORTING
LBY,Pfizer BioNTech - Comirnaty,Comirnaty,Pfizer BioNTech,,,,,REPORTING
NAM,Beijing CNBG - Inactivated,Inactivated SARS-CoV-2 vaccine,Beijing Institute of Biological Products (CNBG),,2021-03-19,,,REPORTING
ASM,Moderna - mRNA-1273,mRNA-1273,Moderna,,2020-12-23,,,REPORTING
SVK,AstraZeneca - AZD1222,AZD1222,AstraZeneca,,2020-12-23,,,REPORTING
ISL,Moderna - mRNA-1273,mRNA-1273,Moderna,,2021-01-13,,,REPORTING
CRI,Pfizer BioNTech - Comirnaty,Comirnaty,Pfizer BioNTech,,,,,REPORTING
BHR,Beijing CNBG - Inactivated,Inactivated SARS-CoV-2 vaccine,Beijing Institute of Biological Products (CNBG),,,,,REPORTING
FSM,Pfizer BioNTech - Comirnaty,Comirnaty,Pfizer BioNTech,,2021-01-13,,,REPORTING
VUT,AstraZeneca - AZD1222,AZD1222,AstraZeneca,,,,,REPORTING
NOR,Janssen - Ad26.COV 2.5,Ad26.COV 2.5,Janssen Pharmaceuticals,,2021-04-14,,,REPORTING
AZE,Sinovac - CoronaVac,Coronavac,Sinovac,,2021-01-20,,,REPORTING
LBN,Beijing CNBG - Inactivated,Inactivated SARS-CoV-2 vaccine,Beijing Institute of Biological Products (CNBG),,,,,REPORTING
ARG,Beijing CNBG - Inactivated,Inactivated SARS-CoV-2 vaccine,Beijing Institute of Biological Products (CNBG),,,,,REPORTING
DEU,Pfizer BioNTech - Comirnaty,Comirnaty,Pfizer BioNTech,,2020-12-23,,,REPORTING
CHE,Pfizer BioNTech - Comirnaty,Comirnaty,Pfizer BioNTech,,,,,OWID
TGO,SII - Covishield,Covishield,Serum Institute of India,,2021-03-10,,,REPORTING
BRN,AstraZeneca - AZD1222,AZD1222,AstraZeneca,2021-02-22,2021-04-03,,,REPORTING
KEN,SII - Covishield,Covishield,Serum Institute of India,,2021-03-05,,,REPORTING
RUS,Gamaleya - Sputnik V,Sputnik V,Gamaleya Research Institute,,,,,OWID
LBY,Moderna - mRNA-1273,mRNA-1273,Moderna,,,,,REPORTING
MKD,Pfizer BioNTech - Comirnaty,Comirnaty,Pfizer BioNTech,,2021-02-17,,,REPORTING
LKA,SII - Covishield,Covishield,Serum Institute of India,2021-01-22,2021-01-29,,,REPORTING
BGD,SII - Covishield,Covishield,Serum Institute of India,2021-01-07,2021-01-27,,,REPORTING
PER,Pfizer BioNTech - Comirnaty,Comirnaty,Pfizer BioNTech,,2021-03-08,,,REPORTING
SLB,Beijing CNBG - Inactivated,Inactivated SARS-CoV-2 vaccine,Beijing Institute of Biological Products (CNBG),,,,,REPORTING
DMA,AstraZeneca - AZD1222,AZD1222,AstraZeneca,,,,,REPORTING
COK,Pfizer BioNTech - Comirnaty,Comirnaty,Pfizer BioNTech,,,,,REPORTING
COM,Beijing CNBG - Inactivated,Inactivated SARS-CoV-2 vaccine,Beijing Institute of Biological Products (CNBG),2021-02-01,2021-04-10,,,REPORTING
ARE,Pfizer BioNTech - Comirnaty,Comirnaty,Pfizer BioNTech,,,,,REPORTING
MYS,CanSino - Ad5-nCOV,Ad5-nCOV,CanSino Biologicals,,,,,REPORTING
CPV,Pfizer BioNTech - Comirnaty,Comirnaty,Pfizer BioNTech,2021-02-19,2021-03-18,,,REPORTING
BRA,AstraZeneca - AZD1222,AZD1222,AstraZeneca,,,,,REPORTING
ARE,AstraZeneca - AZD1222,AZD1222,AstraZeneca,,2020-12-14,,,REPORTING
EST,Moderna - mRNA-1273,mRNA-1273,Moderna,,2021-01-13,,,REPORTING
DOM,SII - Covishield,Covishield,Serum Institute of India,,2021-02-16,,,REPORTING
SYC,SII - Covishield,Covishield,Serum Institute of India,,2021-01-10,,,REPORTING
DMA,SII - Covishield,Covishield,Serum Institute of India,,2021-02-12,,,REPORTING
CAN,Moderna - mRNA-1273,mRNA-1273,Moderna,,,,,REPORTING
CZE,Moderna - mRNA-1273,mRNA-1273,Moderna,,2021-01-13,,,REPORTING
ITA,Janssen - Ad26.COV 2.5,Ad26.COV 2.5,Janssen Pharmaceuticals,,2021-04-21,,,REPORTING
ARG,AstraZeneca - AZD1222,AZD1222,AstraZeneca,,,,,REPORTING
SDN,Sinovac - CoronaVac,Coronavac,Sinovac,,,,,REPORTING
VCT,AstraZeneca - AZD1222,AZD1222,AstraZeneca,,,,,REPORTING
LSO,SII - Covishield,Covishield,Serum Institute of India,2021-02-25,2021-03-10,,,REPORTING
PER,Beijing CNBG - Inactivated,Inactivated SARS-CoV-2 vaccine,Beijing Institute of Biological Products (CNBG),,2021-02-09,,,REPORTING
TUR,Pfizer BioNTech - Comirnaty,Comirnaty,Pfizer BioNTech,,,,,OWID
ASM,Pfizer BioNTech - Comirnaty,Comirnaty,Pfizer BioNTech,,2020-12-21,,,REPORTING
ITA,AstraZeneca - AZD1222,AZD1222,AstraZeneca,,2021-01-20,,,REPORTING
CIV,Gamaleya - Sputnik V,Sputnik V,Gamaleya Research Institute,,2021-03-01,,,REPORTING
AUT,Janssen - Ad26.COV 2.5,Ad26.COV 2.5,Janssen Pharmaceuticals,,2020-12-30,,,REPORTING
MOZ,Beijing CNBG - Inactivated,Inactivated SARS-CoV-2 vaccine,Beijing Institute of Biological Products (CNBG),,2021-03-08,,,REPORTING
SDN,Beijing CNBG - Inactivated,Inactivated SARS-CoV-2 vaccine,Beijing Institute of Biological Products (CNBG),,,,,REPORTING
AFG,SII - Covishield,Covishield,Serum Institute of India,2021-02-23,2021-02-22,,,REPORTING
COM,SII - Covishield,Covishield,Serum Institute of India,,2021-04-10,,,REPORTING
STP,AstraZeneca - AZD1222,AZD1222,AstraZeneca,,2021-03-15,,,REPORTING
OMN,SII - Covishield,Covishield,Serum Institute of India,,,,,REPORTING
PRT,AstraZeneca - AZD1222,AZD1222,AstraZeneca,,2021-01-13,,,REPORTING
BIH,AstraZeneca - AZD1222,AZD1222,AstraZeneca,,,,,OWID
MNP,Pfizer BioNTech - Comirnaty,Comirnaty,Pfizer BioNTech,2020-12-11,2020-12-19,,,REPORTING
LAO,Sinovac - CoronaVac,Coronavac,Sinovac,2021-02-06,,,,REPORTING
PER,Wuhan CNBG - Inactivated,Inactivated SARS-CoV-2 vaccine,Wuhan Institute of Biological Products (CNBG),2001-01-26,2021-02-09,,,REPORTING
MDA,AstraZeneca - AZD1222,AZD1222,AstraZeneca,,2021-03-03,,,REPORTING
MNP,Janssen - Ad26.COV 2.5,Ad26.COV 2.5,Janssen Pharmaceuticals,2021-02-27,2021-03-19,,,REPORTING
TUN,Pfizer BioNTech - Comirnaty,Comirnaty,Pfizer BioNTech,,,,,REPORTING
VCT,SII - Covishield,Covishield,Serum Institute of India,,2021-02-14,,,REPORTING
MSR,AstraZeneca - AZD1222,AZD1222,AstraZeneca,,2021-02-08,,,REPORTING
HRV,Moderna - mRNA-1273,mRNA-1273,Moderna,,2021-01-13,,,REPORTING
PHL,Gamaleya - Sputnik V,Sputnik V,Gamaleya Research Institute,2021-03-19,,,,REPORTING
KWT,Beijing CNBG - Inactivated,Inactivated SARS-CoV-2 vaccine,Beijing Institute of Biological Products (CNBG),,,,,REPORTING
JOR,AstraZeneca - AZD1222,AZD1222,AstraZeneca,2020-12-13,2021-01-13,,,REPORTING
LUX,Janssen - Ad26.COV 2.5,Ad26.COV 2.5,Janssen Pharmaceuticals,,2021-04-14,,,REPORTING
CHN,Wuhan CNBG - Inactivated,Inactivated SARS-CoV-2 vaccine,Wuhan Institute of Biological Products (CNBG),2020-07-22,,,,REPORTING
IRN,Bharat - Covaxin,Covaxin,Bharat Biotech,,,,,REPORTING
CYP,Pfizer BioNTech - Comirnaty,Comirnaty,Pfizer BioNTech,,2020-12-23,,,REPORTING
MLI,SII - Covishield,Covishield,Serum Institute of India,2021-02-19,2021-03-31,,,REPORTING
VNM,AstraZeneca - AZD1222,AZD1222,AstraZeneca,2021-02-01,2021-03-08,,,REPORTING
RWA,Pfizer BioNTech - Comirnaty,Comirnaty,Pfizer BioNTech,,2021-02-14,,,REPORTING
SEN,Beijing CNBG - Inactivated,Inactivated SARS-CoV-2 vaccine,Beijing Institute of Biological Products (CNBG),,2021-02-23,,,REPORTING
GUY,SII - Covishield,Covishield,Serum Institute of India,,2021-02-11,,,REPORTING
PSE,Gamaleya - Sputnik V,Sputnik V,Gamaleya Research Institute,,,,,REPORTING
AUS,Novavax - Covavax,Covavax,Novavax,,,,,REPORTING
ASM,Janssen - Ad26.COV 2.5,Ad26.COV 2.5,Janssen Pharmaceuticals,,,,,REPORTING
NPL,Bharat - Covaxin,Covaxin,Bharat Biotech,2021-03-19,,,,REPORTING
KNA,SII - Covishield,Covishield,Serum Institute of India,,2021-02-22,,,REPORTING
MYS,Pfizer BioNTech - Comirnaty,Comirnaty,Pfizer BioNTech,2021-01-08,2021-02-24,,,REPORTING
MEX,CanSino - Ad5-nCOV,Ad5-nCOV,CanSino Biologicals,,,,,REPORTING
COL,Sinovac - CoronaVac,Coronavac,Sinovac,,2021-02-22,,,REPORTING
MDV,Beijing CNBG - Inactivated,Inactivated SARS-CoV-2 vaccine,Beijing Institute of Biological Products (CNBG),2021-03-17,2021-03-22,,,REPORTING
PRI,Pfizer BioNTech - Comirnaty,Comirnaty,Pfizer BioNTech,,,,,REPORTING
AND,AstraZeneca - AZD1222,AZD1222,AstraZeneca,,2021-03-03,,,REPORTING
GRC,Pfizer BioNTech - Comirnaty,Comirnaty,Pfizer BioNTech,,2020-12-23,,,REPORTING
LAO,SII - Covishield,Covishield,Serum Institute of India,2021-02-22,2021-04-02,,,REPORTING
GTM,Moderna - mRNA-1273,mRNA-1273,Moderna,,2021-02-25,,,REPORTING
MCO,Pfizer BioNTech - Comirnaty,Comirnaty,Pfizer BioNTech,,,,,OWID
NER,SII - Covishield,Covishield,Serum Institute of India,2021-03-04,2021-03-29,,,REPORTING
HRV,Pfizer BioNTech - Comirnaty,Comirnaty,Pfizer BioNTech,,2020-12-23,,,REPORTING
GIN,Janssen - Ad26.COV 2.5,Ad26.COV 2.5,Janssen Pharmaceuticals,2021-03-22,2021-03-05,,,REPORTING
ZWE,Beijing CNBG - Inactivated,Inactivated SARS-CoV-2 vaccine,Beijing Institute of Biological Products (CNBG),,,,,REPORTING
CIV,SII - Covishield,Covishield,Serum Institute of India,2021-02-13,2021-03-01,,,REPORTING
NPL,Beijing CNBG - Inactivated,Inactivated SARS-CoV-2 vaccine,Beijing Institute of Biological Products (CNBG),2021-02-17,2021-04-07,,,REPORTING
ESP,AstraZeneca - AZD1222,AZD1222,AstraZeneca,,2020-12-30,,,REPORTING
CHL,Sinovac - CoronaVac,Coronavac,Sinovac,,2021-02-03,,,REPORTING
SVN,Janssen - Ad26.COV 2.5,Ad26.COV 2.5,Janssen Pharmaceuticals,,2021-04-28,,,REPORTING
LKA,Gamaleya - Sputnik V,Sputnik V,Gamaleya Research Institute,,,,,REPORTING
PNG,Beijing CNBG - Inactivated,Inactivated SARS-CoV-2 vaccine,Beijing Institute of Biological Products (CNBG),,,,,REPORTING
SMR,Pfizer BioNTech - Comirnaty,Comirnaty,Pfizer BioNTech,,2021-03-03,,,REPORTING
BRA,Sinovac - CoronaVac,Coronavac,Sinovac,,2021-01-17,,,REPORTING
DEU,AstraZeneca - AZD1222,AZD1222,AstraZeneca,,2021-02-10,,,REPORTING
PAK,CanSino - Ad5-nCOV,Ad5-nCOV,CanSino Biologicals,,,,,REPORTING
ARG,SII - Covishield,Covishield,Serum Institute of India,,,,,REPORTING
BRB,AstraZeneca - AZD1222,AZD1222,AstraZeneca,,,,,REPORTING
TKL,Pfizer BioNTech - Comirnaty,Comirnaty,Pfizer BioNTech,,,,,REPORTING
FIN,Pfizer BioNTech - Comirnaty,Comirnaty,Pfizer BioNTech,,2020-12-23,,,REPORTING
GUY,Beijing CNBG - Inactivated,Inactivated SARS-CoV-2 vaccine,Beijing Institute of Biological Products (CNBG),,,,,REPORTING
MHL,Pfizer BioNTech - Comirnaty,Comirnaty,Pfizer BioNTech,,,,,REPORTING
MNP,Moderna - mRNA-1273,mRNA-1273,Moderna,2020-12-18,2021-01-12,,,REPORTING
AIA,AstraZeneca - AZD1222,AZD1222,AstraZeneca,,2021-02-05,,,REPORTING
SAU,Moderna - mRNA-1273,mRNA-1273,Moderna,,,,,REPORTING
LUX,Moderna - mRNA-1273,mRNA-1273,Moderna,,2021-01-13,,,REPORTING
COG,Gamaleya - Sputnik V,Sputnik V,Gamaleya Research Institute,2021-03-03,2021-03-23,,,REPORTING
AFG,Pfizer BioNTech - Comirnaty,Comirnaty,Pfizer BioNTech,,,,,REPORTING
QAT,Moderna - mRNA-1273,mRNA-1273,Moderna,,,,,REPORTING
IRL,Janssen - Ad26.COV 2.5,Ad26.COV 2.5,Janssen Pharmaceuticals,,2021-04-14,,,REPORTING
SRB,Gamaleya - Sputnik V,Sputnik V,Gamaleya Research Institute,,2021-01-06,,,REPORTING
OMN,AstraZeneca - AZD1222,AZD1222,AstraZeneca,2021-02-14,2020-12-29,,,REPORTING
GGY,Pfizer BioNTech - Comirnaty,Comirnaty,Pfizer BioNTech,,,,,OWID
JAM,AstraZeneca - AZD1222,AZD1222,AstraZeneca,,,,,REPORTING
EGY,Sinovac - CoronaVac,Coronavac,Sinovac,,,,,REPORTING
LBY,Gamaleya - Sputnik V,Sputnik V,Gamaleya Research Institute,,,,,REPORTING
PYF,Pfizer BioNTech - Comirnaty,Comirnaty,Pfizer BioNTech,2020-12-29,2021-01-18,,,REPORTING
